strategy,train_count,probe_bit_accuracy,probe_exact_accuracy,probe_majority_exact_accuracy,probe_pairwise_agreement,probe_prediction_entropy_bits,val_bit_accuracy,val_pairwise_agreement
uncertain,200,0.732108,0.00012,0.0,0.880468,0.203979,0.729963,0.881348
uncertain,250,0.753189,0.00036,0.0008,0.874452,0.214504,0.752453,0.875224
uncertain,300,0.771444,0.0008,0.0024,0.876632,0.21063,0.770192,0.877179
uncertain,350,0.790013,0.00184,0.0032,0.881144,0.203048,0.789603,0.881484
uncertain,400,0.810371,0.00352,0.0066,0.881176,0.202957,0.809527,0.881395
uncertain,450,0.832985,0.00736,0.0142,0.884768,0.196944,0.832801,0.884904
uncertain,500,0.855853,0.01356,0.0286,0.888264,0.19099,0.854936,0.887473
uncertain,550,0.869657,0.02028,0.0558,0.870788,0.221128,0.868845,0.870068
uncertain,600,0.895068,0.0414,0.1136,0.886253,0.194847,0.895077,0.88594
uncertain,650,0.918139,0.08352,0.203,0.902756,0.166973,0.918253,0.902911
uncertain,700,0.94062,0.16232,0.3798,0.919584,0.138641,0.939984,0.918789
uncertain,750,0.954113,0.24084,0.5296,0.933299,0.115444,0.95336,0.93218
uncertain,800,0.968496,0.38072,0.721,0.950444,0.086177,0.967707,0.949623
uncertain,850,0.977256,0.50048,0.8414,0.962135,0.066231,0.976933,0.961835
uncertain,900,0.983452,0.60836,0.9134,0.971099,0.050822,0.983195,0.970767
uncertain,950,0.989353,0.72552,0.9624,0.980737,0.034049,0.988993,0.980075
uncertain,1000,0.992444,0.7956,0.9848,0.985911,0.025035,0.992352,0.985653
uncertain,1050,0.991896,0.784,0.9858,0.984693,0.027272,0.991745,0.984341
uncertain,1100,0.994517,0.84804,0.9938,0.989509,0.018744,0.994409,0.989231
uncertain,1150,0.996415,0.89704,0.9984,0.993065,0.012417,0.996396,0.993053
uncertain,1200,0.997772,0.93572,0.999,0.995663,0.00779,0.997579,0.995276
uncertain,1250,0.998721,0.96244,0.9996,0.997491,0.004526,0.998688,0.997425
uncertain,1300,0.99902,0.97112,1.0,0.998063,0.003505,0.998996,0.998032
uncertain,1350,0.999445,0.98344,1.0,0.998896,0.002011,0.999387,0.998783
uncertain,1400,0.999628,0.98896,1.0,0.999263,0.001348,0.999651,0.999307
uncertain,1450,0.999749,0.99252,1.0,0.9995,0.000923,0.999744,0.999488
random,200,0.732108,0.00012,0.0,0.880468,0.203979,0.729963,0.881348
random,250,0.74552,0.0002,0.0002,0.859064,0.240457,0.743488,0.859472
random,300,0.763657,0.0006,0.0014,0.855148,0.24707,0.760432,0.853135
random,350,0.781169,0.00128,0.002,0.857872,0.242578,0.778459,0.856323
random,400,0.800087,0.00228,0.005,0.862999,0.233891,0.797077,0.860964
random,450,0.817021,0.00372,0.008,0.868605,0.22432,0.814024,0.867068
random,500,0.835889,0.00708,0.012,0.871712,0.219018,0.832137,0.869791
random,550,0.843495,0.00884,0.0238,0.856305,0.245497,0.841223,0.854993
random,600,0.861681,0.01604,0.0406,0.868564,0.2247,0.859309,0.867075
random,650,0.880181,0.02808,0.0716,0.87966,0.205879,0.878097,0.878545
random,700,0.897583,0.04916,0.1096,0.891409,0.185911,0.89554,0.889609
random,750,0.91134,0.07372,0.184,0.898468,0.174023,0.909559,0.897263
random,800,0.926708,0.1154,0.263,0.909796,0.155098,0.925413,0.909109
random,850,0.938625,0.16812,0.3652,0.919995,0.137744,0.938011,0.919992
random,900,0.950724,0.23228,0.4936,0.930852,0.119434,0.949689,0.930168
random,950,0.960225,0.309,0.6156,0.940583,0.102923,0.959732,0.940512
random,1000,0.968819,0.39804,0.7136,0.951593,0.084021,0.968637,0.951121
random,1050,0.97154,0.429,0.7804,0.953764,0.080635,0.971259,0.953497
random,1100,0.978663,0.53064,0.8416,0.964735,0.061647,0.978528,0.964371
random,1150,0.982537,0.59548,0.8976,0.970128,0.052396,0.982655,0.970153
random,1200,0.986655,0.67304,0.9324,0.976685,0.041012,0.986836,0.976736
random,1250,0.990129,0.74548,0.9594,0.982349,0.031139,0.989903,0.982017
random,1300,0.9929,0.8104,0.978,0.987031,0.022983,0.992764,0.986761
random,1350,0.994932,0.86036,0.9876,0.990593,0.016703,0.994867,0.990468
random,1400,0.996167,0.89272,0.9936,0.992724,0.012983,0.996091,0.992595
random,1450,0.997405,0.9252,0.9984,0.995005,0.008948,0.997285,0.994785
random,1500,0.998119,0.94536,0.9986,0.996376,0.006501,0.998033,0.99624
random,1550,0.998123,0.94584,0.9984,0.996351,0.006561,0.998035,0.996193
random,1600,0.998573,0.95816,0.9996,0.997217,0.00501,0.998615,0.997284
random,1650,0.998995,0.97052,1.0,0.998027,0.003562,0.998968,0.99798
random,1700,0.999249,0.97772,1.0,0.998516,0.00269,0.999285,0.998587
random,1750,0.999367,0.98128,1.0,0.998743,0.002285,0.999361,0.998737
random,1800,0.999597,0.98804,1.0,0.999201,0.001459,0.999613,0.999231
certain,200,0.732108,0.00012,0.0,0.880468,0.203979,0.729963,0.881348
certain,250,0.739865,0.0002,0.0,0.855072,0.247294,0.738145,0.854871
certain,300,0.750527,0.0002,0.0002,0.845057,0.264233,0.749259,0.844447
certain,350,0.767789,0.00064,0.0008,0.846324,0.262121,0.765504,0.844968
certain,400,0.783379,0.001,0.0026,0.850392,0.255175,0.782128,0.848629
certain,450,0.799107,0.00212,0.0046,0.856051,0.245668,0.796964,0.854405
certain,500,0.816724,0.00392,0.0078,0.859549,0.239688,0.815024,0.859309
certain,550,0.819277,0.0042,0.0138,0.837777,0.277112,0.817332,0.837228
certain,600,0.833655,0.00744,0.0182,0.852156,0.252565,0.831692,0.85198
certain,650,0.847495,0.0114,0.0292,0.862615,0.234624,0.845787,0.862031
certain,700,0.85694,0.01656,0.0434,0.863673,0.233074,0.855057,0.862655
certain,750,0.86796,0.02256,0.0608,0.868799,0.224223,0.865769,0.867743
certain,800,0.877851,0.03108,0.0758,0.875796,0.212451,0.876495,0.874272
certain,850,0.888168,0.0434,0.1102,0.883345,0.199632,0.886603,0.882101
certain,900,0.896648,0.05824,0.129,0.889147,0.189852,0.895628,0.888316
certain,950,0.906101,0.07656,0.1574,0.897903,0.174858,0.905425,0.897288
certain,1000,0.912485,0.08972,0.1814,0.902376,0.167327,0.912156,0.902575
certain,1050,0.915503,0.09856,0.2086,0.902515,0.167235,0.914508,0.901448
certain,1100,0.920507,0.11764,0.229,0.907835,0.15816,0.919843,0.907176
certain,1150,0.925755,0.1336,0.2584,0.912793,0.149622,0.924965,0.911964
certain,1200,0.930821,0.15124,0.2884,0.916705,0.143079,0.930361,0.915553
certain,1250,0.936091,0.17904,0.3186,0.923593,0.131199,0.936008,0.923088
certain,1300,0.942291,0.21376,0.3754,0.929063,0.121897,0.942341,0.929032
certain,1350,0.946381,0.23472,0.3968,0.933208,0.114832,0.946095,0.932633
certain,1400,0.950036,0.261,0.4296,0.937444,0.107569,0.949677,0.937351
certain,1450,0.953677,0.28412,0.4672,0.9412,0.101276,0.953355,0.9407
certain,1500,0.956684,0.30788,0.4776,0.945827,0.093341,0.956809,0.945656
certain,1550,0.958597,0.32468,0.4988,0.947368,0.090662,0.958983,0.947217
certain,1600,0.960523,0.33932,0.5332,0.948585,0.088675,0.961143,0.948915
certain,1650,0.963265,0.36624,0.554,0.952695,0.081483,0.963336,0.952395
certain,1700,0.96792,0.41736,0.608,0.957628,0.07307,0.968055,0.957412
certain,1750,0.969693,0.43808,0.6196,0.960389,0.068295,0.969884,0.960408
certain,1800,0.973339,0.47828,0.6778,0.963561,0.062866,0.973503,0.963513
certain,1850,0.976763,0.52612,0.7114,0.967779,0.055689,0.976492,0.967283
certain,1900,0.978737,0.55336,0.7302,0.970699,0.050681,0.978479,0.970344
certain,1950,0.981972,0.60456,0.7818,0.974336,0.044448,0.981597,0.973997
certain,2000,0.983341,0.62648,0.783,0.976557,0.040591,0.983555,0.976673
certain,2050,0.986295,0.6774,0.8256,0.980479,0.033837,0.986296,0.980195
certain,2100,0.987832,0.70516,0.8576,0.981835,0.031559,0.987845,0.981691
certain,2150,0.989004,0.7292,0.8764,0.983361,0.028932,0.989239,0.983433
certain,2200,0.990487,0.76128,0.8816,0.986028,0.024273,0.990739,0.985881
certain,2250,0.992573,0.80744,0.9278,0.988321,0.020362,0.992596,0.988263
certain,2300,0.99428,0.848,0.9436,0.991079,0.015566,0.994241,0.990845
certain,2350,0.995283,0.87196,0.9508,0.992617,0.012939,0.995413,0.992595
certain,2400,0.996137,0.89292,0.9638,0.993797,0.01084,0.996289,0.993945
certain,2450,0.997372,0.92532,0.9816,0.995581,0.007781,0.997404,0.995575
certain,2500,0.998009,0.94308,0.9834,0.996696,0.005826,0.997924,0.996515
certain,2550,0.998645,0.96044,0.991,0.997681,0.004111,0.998636,0.997632
certain,2600,0.999052,0.97228,0.9946,0.998333,0.002962,0.999104,0.998385
certain,2650,0.99932,0.97984,0.997,0.998753,0.002245,0.999372,0.998825
certain,2700,0.999589,0.9878,0.998,0.999252,0.001348,0.999641,0.999321
certain,2750,0.999704,0.99124,0.9994,0.999447,0.001003,0.99972,0.999464
certain,2800,0.999799,0.99396,0.9994,0.999619,0.000702,0.999852,0.999713
certain,2850,0.999893,0.9968,0.9998,0.999801,0.000376,0.999925,0.999852
certain,2900,0.999949,0.99848,1.0,0.999899,0.000204,0.999932,0.999864
certain,2950,0.999957,0.99872,1.0,0.999915,0.000175,0.999963,0.999925
certain,3000,0.999971,0.99912,1.0,0.999941,0.000127,0.999971,0.999941
certain,3050,0.999984,0.99952,1.0,0.999968,7.9e-05,0.999991,0.999981
certain,3100,0.999952,0.99856,1.0,0.999904,0.000195,0.999944,0.999888
certain,3150,0.999984,0.99952,1.0,0.999968,7.9e-05,0.999977,0.999955
