step,train_bit_accuracy,probe_bit_accuracy,probe_exact_accuracy,direct_pairwise_agreement,prediction_entropy_bits,excess_agreement,bit_level_excess_agreement
0,0.499674,0.497844,0.0,0.500477,0.902245,0.000468,0.000423
1,0.516749,0.514422,0.0,0.49566,0.910702,-0.004756,-0.004872
2,0.540687,0.532789,0.0,0.532006,0.854988,0.029856,0.029663
3,0.549011,0.542155,0.0,0.557344,0.818235,0.05379,0.0533
4,0.549924,0.542462,0.0,0.566836,0.801287,0.06323,0.062881
5,0.566372,0.555538,0.0,0.59708,0.750767,0.090911,0.090526
6,0.579606,0.567073,0.0,0.646711,0.667256,0.137714,0.13748
8,0.577015,0.565198,0.0,0.622144,0.709465,0.113642,0.113256
10,0.594708,0.582408,0.0,0.703205,0.573181,0.189622,0.189408
12,0.605369,0.590672,0.0,0.769424,0.445485,0.252982,0.252693
15,0.612572,0.599253,0.0,0.804053,0.387448,0.284351,0.284215
20,0.623994,0.611562,0.0,0.8892,0.21939,0.364308,0.364109
30,0.63461,0.620359,0.0,0.925896,0.146804,0.396924,0.396786
40,0.650025,0.625674,0.0,0.926134,0.145288,0.394546,0.394397
50,0.69301,0.629864,0.0,0.84917,0.289376,0.31544,0.315329
75,0.849282,0.672662,0.0,0.790917,0.395892,0.231293,0.23119
100,0.970342,0.766883,0.000775,0.789625,0.398549,0.147172,0.146917
150,0.999954,0.912451,0.089325,0.883746,0.225168,0.043515,0.043394
200,1.0,0.958435,0.3154,0.936255,0.126096,0.01593,0.015886
250,1.0,0.975108,0.4975,0.959069,0.082232,0.007615,0.007592
300,1.0,0.982846,0.61485,0.970728,0.059373,0.004448,0.004433
350,1.0,0.987081,0.693075,0.977413,0.04621,0.002918,0.002908
400,1.0,0.98955,0.7414,0.981496,0.03799,0.002177,0.00217
450,1.0,0.991292,0.7776,0.984415,0.032105,0.00168,0.001675
500,1.0,0.992548,0.806075,0.986534,0.02784,0.001326,0.001321
550,1.0,0.99332,0.8242,0.987761,0.025416,0.001032,0.001028
600,1.0,0.994292,0.847975,0.989526,0.021757,0.000878,0.000875
650,1.0,0.994907,0.86285,0.990542,0.01975,0.000677,0.000675
700,1.0,0.995315,0.872275,0.991297,0.018185,0.000623,0.000621
750,1.0,0.995639,0.881,0.991863,0.017008,0.000546,0.000544
800,1.0,0.996141,0.893975,0.992791,0.01508,0.000479,0.000477
850,1.0,0.996483,0.902025,0.993397,0.013839,0.000407,0.000406
900,1.0,0.996663,0.90705,0.993738,0.013123,0.000391,0.00039
950,1.0,0.996907,0.91345,0.994171,0.012251,0.000337,0.000336
1000,1.0,0.997111,0.918925,0.994564,0.011434,0.000325,0.000324
1050,1.0,0.997318,0.923875,0.99494,0.010665,0.000288,0.000288
1100,1.0,0.997531,0.930525,0.99533,0.00984,0.000256,0.000255
1150,1.0,0.997589,0.931125,0.995412,0.009688,0.000222,0.000221
1200,1.0,0.997555,0.9306,0.995336,0.009856,0.000214,0.000213
1250,1.0,0.997663,0.93365,0.995546,0.009427,0.000208,0.000207
1300,1.0,0.997683,0.933775,0.995582,0.009334,0.000206,0.000205
1350,0.999996,0.997698,0.93415,0.9956,0.00931,0.000194,0.000193
1400,1.0,0.997721,0.9349,0.995627,0.009257,0.000175,0.000174
1450,1.0,0.997871,0.9394,0.995906,0.008686,0.000155,0.000155
1500,0.999999,0.997903,0.94,0.995968,0.008559,0.000152,0.000151
1550,0.999999,0.99797,0.941775,0.996097,0.008285,0.000148,0.000148
1600,1.0,0.997855,0.938575,0.995874,0.008766,0.000155,0.000154
1650,1.0,0.997862,0.93865,0.995889,0.008724,0.000157,0.000156
1700,1.0,0.997722,0.934975,0.995646,0.00922,0.000192,0.000191
1750,1.0,0.997706,0.93435,0.995564,0.009442,0.000141,0.000141
1800,1.0,0.997617,0.93165,0.995407,0.009753,0.000162,0.000161
1850,0.999999,0.997663,0.933975,0.995503,0.009541,0.000167,0.000166
1900,1.0,0.997623,0.93175,0.995434,0.00968,0.000176,0.000175
1950,1.0,0.997581,0.930725,0.995345,0.009888,0.000172,0.000172
2000,1.0,0.997466,0.927325,0.99513,0.010325,0.000186,0.000185
2050,1.0,0.997437,0.926575,0.995058,0.0105,0.00017,0.00017
2100,1.0,0.997487,0.927825,0.995158,0.010286,0.000172,0.000171
2150,1.0,0.997222,0.92135,0.994615,0.011483,0.000156,0.000155
2200,1.0,0.997012,0.915175,0.994218,0.012303,0.000175,0.000175
2250,0.999999,0.996817,0.91045,0.993844,0.013094,0.00019,0.000189
2300,0.999999,0.996865,0.911475,0.993926,0.012935,0.000176,0.000175
2350,1.0,0.996975,0.914175,0.99413,0.012512,0.000161,0.000161
2400,1.0,0.997129,0.917975,0.994421,0.011901,0.000146,0.000146
2450,1.0,0.997363,0.924675,0.994891,0.010878,0.000152,0.000151
2500,0.999999,0.997348,0.9246,0.994868,0.010926,0.000159,0.000158
2550,0.999997,0.997263,0.9227,0.994702,0.011281,0.000161,0.00016
2600,0.999999,0.997633,0.932225,0.99541,0.009771,0.000134,0.000133
2650,0.999999,0.997645,0.932725,0.995428,0.009748,0.000127,0.000126
2700,0.999997,0.997617,0.931725,0.995368,0.009884,0.000123,0.000122
2750,1.0,0.997816,0.937475,0.995747,0.009077,0.000106,0.000106
2800,0.999997,0.997953,0.94065,0.996019,0.008493,0.000106,0.000105
2850,1.0,0.997979,0.941925,0.996065,0.008416,9.8e-05,9.7e-05
2900,0.999999,0.998215,0.948125,0.996543,0.007366,0.000107,0.000107
2950,0.999997,0.998158,0.9469,0.996415,0.007662,9.1e-05,9.1e-05
3000,1.0,0.998138,0.9457,0.996368,0.007763,8.6e-05,8.6e-05
