cohort_copy_x1_full_agreement_mean,cohort_copy_x2_full_agreement_mean,conflict_fraction_mean,copy_x1_accuracy_mean,copy_x2_accuracy_mean,dataset_count,maximum_cell_count_mean,minimum_cell_count_mean,modal_copy_x1_full_agreement_mean,modal_copy_x2_full_agreement_mean,n,optimizer_name,recovery_rate,sampling_protocol,semantic_repetitions,target_mass_mean,target_name,unseen_agreement_mean,unseen_target_accuracy_mean
0.48786258697509766,0.49706363677978516,0.49951171875,0.495849609375,0.509033203125,128,11.1015625,5.2421875,0.4879150390625,0.5001220703125,32,adamw,0.0,uniform_random,8.0,0.010498046875,parity2,0.9185624364334317,0.7782189505440847
0.49613706527217744,0.49416591275122856,0.4970703125,0.49375,0.5052734375,128,13.3125,6.84375,0.4949951171875,0.49847412109375,40,adamw,0.0,uniform_random,10.0,0.10318485383064516,parity2,0.9415513537310833,0.8874705689497462
0.49640717044953375,0.49955626456968244,0.50048828125,0.4921875,0.50244140625,128,15.453125,8.71875,0.4979248046875,0.50164794921875,48,adamw,0.0703125,uniform_random,12.0,0.3002220892137097,parity2,0.966949003486223,0.94742676992866
0.4994821548461914,0.5003194808959961,0.5013950892857143,0.49246651785714285,0.5047433035714286,128,17.734375,10.5546875,0.500335693359375,0.500640869140625,56,adamw,0.375,uniform_random,14.0,0.64697265625,parity2,0.9876082881804435,0.983992919921875
0.4998188018798828,0.5005760192871094,0.500244140625,0.4913330078125,0.5052490234375,128,19.796875,12.4296875,0.500457763671875,0.500701904296875,64,adamw,0.75,uniform_random,16.0,0.845947265625,parity2,0.9958279517389113,0.9957555135091145
0.5001306533813477,0.5003499984741211,0.5017361111111112,0.49153645833333326,0.5034722222222222,128,21.8125,14.2890625,0.500244140625,0.5001220703125,72,adamw,0.890625,uniform_random,18.0,0.947021484375,parity2,0.9987446275365971,0.9989796514096467
0.5000743865966797,0.5001239776611328,0.50107421875,0.49375,0.50419921875,128,23.8125,16.2890625,0.5,0.5,80,adamw,0.9765625,uniform_random,20.0,0.990234375,parity2,0.999691423432918,0.9997891512784092
0.5000238418579102,0.500056266784668,0.5023082386363638,0.49742542613636365,0.5027521306818181,128,25.875,18.140625,0.5,0.5,88,adamw,0.9921875,uniform_random,22.0,0.995361328125,parity2,0.999855709515409,0.9999026343936013
0.5000114440917969,0.5000171661376953,0.5008951822916666,0.4976399739583333,0.5027669270833333,128,28.0703125,20.0390625,0.5,0.5,96,adamw,0.9921875,uniform_random,24.0,0.99755859375,parity2,0.999946052797379,0.999969482421875
0.5000009536743164,0.5000009536743164,0.5013521634615383,0.4970703125,0.5017277644230769,128,30.2421875,21.8203125,0.5,0.5,104,adamw,1.0,uniform_random,26.0,0.999755859375,parity2,0.9999967876233553,0.9999983938116777
0.5,0.5,0.4997907366071429,0.49567522321428575,0.5011858258928572,128,32.2578125,23.734375,0.5,0.5,112,adamw,1.0,uniform_random,28.0,1.0,parity2,1.0,1.0
0.7377843856811523,0.7286214828491211,0.49951171875,0.7568359375,0.74365234375,128,6.9921875,1.4765625,0.74346923828125,0.718505859375,32,adamw,0.0,uniform_random,4.0,0.00048828125,mux3,0.946105464812248,0.817793709891183
0.7471466064453125,0.7352409362792969,0.4970703125,0.7572265625,0.7457031249999999,128,8.2109375,2.1875,0.754486083984375,0.727020263671875,40,adamw,0.0,uniform_random,5.0,0.013427734375,mux3,0.9549586798555108,0.8676916051793981
0.7526750564575195,0.7403268814086914,0.50048828125,0.7548828125,0.74462890625,128,9.390625,2.9609375,0.754974365234375,0.737945556640625,48,adamw,0.0078125,uniform_random,6.0,0.055419921875,mux3,0.9659307967344526,0.9143430269681491
0.7536745071411133,0.7432966232299805,0.5013950892857143,0.7554408482142857,0.7431640625,128,10.53125,3.8046875,0.757080078125,0.740966796875,56,adamw,0.0625,uniform_random,7.0,0.201904296875,mux3,0.9759862493699598,0.947430419921875
0.7539196014404297,0.744842529296875,0.500244140625,0.7568359375,0.742919921875,128,11.765625,4.5234375,0.754241943359375,0.744110107421875,64,adamw,0.1796875,uniform_random,8.0,0.357421875,mux3,0.9825787287886425,0.9683787027994791
0.7531824111938477,0.7464838027954102,0.5017361111111112,0.7550998263888888,0.7431640625,128,12.8984375,5.3359375,0.752838134765625,0.747100830078125,72,adamw,0.375,uniform_random,9.0,0.56982421875,mux3,0.9904169668489218,0.9815156356148098
0.7523412704467773,0.747380256652832,0.50107421875,0.7546875,0.74423828125,128,13.9375,6.2109375,0.751739501953125,0.747772216796875,80,adamw,0.578125,uniform_random,10.0,0.744384765625,mux3,0.9952593940444007,0.9908710826526989
0.7508659362792969,0.7488498687744141,0.5023082386363638,0.7515092329545454,0.746182528409091,128,14.9453125,7.140625,0.750732421875,0.748779296875,88,adamw,0.765625,uniform_random,11.0,0.854248046875,mux3,0.9974196473574308,0.9946579706101191
0.7506694793701172,0.7492828369140625,0.5008951822916666,0.7521158854166667,0.7469889322916667,128,16.1484375,8.09375,0.7506103515625,0.7493896484375,96,adamw,0.8828125,uniform_random,12.0,0.950927734375,mux3,0.9991963048135081,0.9984039306640624
0.7507247924804688,0.7492084503173828,0.5013521634615383,0.7516526442307692,0.7469951923076923,128,17.2421875,9.0078125,0.7506103515625,0.7493896484375,104,adamw,0.96875,uniform_random,13.0,0.977294921875,mux3,0.9996045667975382,0.9986572265625
0.7501354217529297,0.7498645782470703,0.4997907366071429,0.7528599330357143,0.7473493303571428,128,18.1875,9.9609375,0.7501220703125,0.7498779296875,112,adamw,0.9921875,uniform_random,14.0,0.9912109375,mux3,0.9999398398997537,0.9997592502170138
0.49832725524902344,0.5008316040039062,0.5,0.5,0.5,128,8.0,8.0,0.4971923828125,0.505615234375,32,adamw,0.0,cell_balanced,8.0,0.016845703125,parity2,0.9285323323192685,0.847259521484375
0.5019159317016602,0.500096321105957,0.5,0.5,0.5,128,10.0,10.0,0.5013427734375,0.50177001953125,40,adamw,0.015625,cell_balanced,10.0,0.145751953125,parity2,0.9562181042086693,0.9361312301070601
0.5009145736694336,0.5003252029418945,0.5,0.5,0.5,128,12.0,12.0,0.499908447265625,0.500457763671875,48,adamw,0.15625,cell_balanced,12.0,0.481689453125,parity2,0.9834542475622287,0.9816014216496395
0.5004129409790039,0.5001440048217773,0.5,0.5,0.5,128,14.0,14.0,0.500152587890625,0.499847412109375,56,adamw,0.625,cell_balanced,14.0,0.799072265625,parity2,0.9952101972026209,0.995718994140625
0.5004100799560547,0.4999732971191406,0.5,0.5,0.5,128,16.0,16.0,0.500762939453125,0.500030517578125,64,adamw,0.90625,cell_balanced,16.0,0.95166015625,parity2,0.9986834782426075,0.9988225301106772
0.5000190734863281,0.4999847412109375,0.5,0.5,0.5,128,18.0,18.0,0.5,0.5,72,adamw,0.9765625,cell_balanced,18.0,0.9912109375,parity2,0.9998037972256312,0.9998938519021738
0.4999980926513672,0.5000076293945312,0.5,0.5,0.5,128,20.0,20.0,0.5,0.5,80,adamw,1.0,cell_balanced,20.0,0.998046875,parity2,0.9999613384347508,0.9999805797230115
0.5,0.5000057220458984,0.5,0.5,0.5,128,22.0,22.0,0.5,0.5,88,adamw,1.0,cell_balanced,22.0,0.9990234375,parity2,0.9999773110479071,0.9999883742559523
0.4999990463256836,0.5000009536743164,0.5,0.5,0.5,128,24.0,24.0,0.5,0.5,96,adamw,1.0,cell_balanced,24.0,0.999755859375,parity2,0.9999969482421875,0.9999984741210938
0.5,0.5,0.5,0.5,0.5,128,26.0,26.0,0.5,0.5,104,adamw,1.0,cell_balanced,26.0,1.0,parity2,1.0,1.0
0.4999980926513672,0.5000019073486328,0.5,0.5,0.5,128,28.0,28.0,0.5,0.5,112,adamw,1.0,cell_balanced,28.0,0.999755859375,parity2,0.9999932183159722,0.9999966091579862
0.7385311126708984,0.7345829010009766,0.5,0.75,0.75,128,4.0,4.0,0.744659423828125,0.723663330078125,32,adamw,0.0,cell_balanced,4.0,0.0,mux3,0.9444021761142714,0.8481663295200893
0.7476463317871094,0.7420330047607422,0.5,0.75,0.75,128,5.0,5.0,0.752593994140625,0.734161376953125,40,adamw,0.0,cell_balanced,5.0,0.014404296875,mux3,0.9539439065766876,0.9036571361400463
0.7502508163452148,0.7461881637573242,0.5,0.75,0.75,128,6.0,6.0,0.75152587890625,0.74517822265625,48,adamw,0.015625,cell_balanced,6.0,0.092529296875,mux3,0.9695676136253489,0.947820810171274
0.7496786117553711,0.7491025924682617,0.5,0.75,0.75,128,7.0,7.0,0.750732421875,0.74884033203125,56,adamw,0.109375,cell_balanced,7.0,0.296875,mux3,0.9814116840977822,0.974183349609375
0.7496128082275391,0.7501373291015625,0.5,0.75,0.75,128,8.0,8.0,0.749908447265625,0.749969482421875,64,adamw,0.25,cell_balanced,8.0,0.55078125,mux3,0.9900885141024025,0.9883804321289062
0.749934196472168,0.7500162124633789,0.5,0.75,0.75,128,9.0,9.0,0.749786376953125,0.750213623046875,72,adamw,0.546875,cell_balanced,9.0,0.77978515625,mux3,0.9962403884609485,0.9964639414911685
0.7502288818359375,0.7497711181640625,0.5,0.75,0.75,128,10.0,10.0,0.750152587890625,0.749847412109375,80,adamw,0.828125,cell_balanced,10.0,0.92333984375,mux3,0.9987535224981672,0.998992919921875
0.7501029968261719,0.7498970031738281,0.5,0.75,0.75,128,11.0,11.0,0.75006103515625,0.74993896484375,88,adamw,0.9375,cell_balanced,11.0,0.968505859375,mux3,0.9994796541978687,0.9995785667782738
0.7500419616699219,0.7499580383300781,0.5,0.75,0.75,128,12.0,12.0,0.75,0.75,96,adamw,0.9765625,cell_balanced,12.0,0.99072265625,mux3,0.9998602098034275,0.9999145507812499
0.750004768371582,0.749995231628418,0.5,0.75,0.75,128,13.0,13.0,0.75,0.75,104,adamw,0.9921875,cell_balanced,13.0,0.9970703125,mux3,0.9999489128488435,0.9999726947985197
0.75,0.75,0.5,0.75,0.75,128,14.0,14.0,0.75,0.75,112,adamw,1.0,cell_balanced,14.0,1.0,mux3,1.0,1.0
0.48970508575439453,0.4941377639770508,0.75,0.5,0.5,128,8.0,8.0,0.48944091796875,0.50494384765625,32,adamw,0.0,conflict_enriched,8.0,0.01025390625,parity2,0.9238736200991864,0.8239713396344867
0.49636077880859375,0.49761199951171875,0.75,0.5,0.49921875,128,10.0,10.0,0.494110107421875,0.502044677734375,40,adamw,0.0,conflict_enriched,10.0,0.047119140625,parity2,0.9441263615871416,0.9002617730034722
0.4984140396118164,0.49929332733154297,0.75,0.5,0.5,128,12.0,12.0,0.49725341796875,0.50103759765625,48,adamw,0.015625,conflict_enriched,12.0,0.180908203125,parity2,0.9653159016119339,0.9514664870042068
0.5015439987182617,0.5020589828491211,0.75,0.5,0.4988839285714286,128,14.0,14.0,0.503021240234375,0.503387451171875,56,adamw,0.0546875,conflict_enriched,14.0,0.411376953125,parity2,0.980653588079637,0.9776062011718751
0.5009965896606445,0.5012369155883789,0.75,0.5,0.5,128,16.0,16.0,0.501434326171875,0.501617431640625,64,adamw,0.328125,conflict_enriched,16.0,0.672119140625,parity2,0.9911869008054015,0.9914105733235676
0.5004253387451172,0.5006370544433594,0.75,0.5,0.5002170138888888,128,18.0,18.0,0.500579833984375,0.500640869140625,72,adamw,0.6640625,conflict_enriched,18.0,0.828369140625,parity2,0.9957761617395686,0.9960539444633152
0.5004558563232422,0.5004501342773438,0.75,0.5,0.5,128,20.0,20.0,0.500335693359375,0.500335693359375,80,adamw,0.859375,conflict_enriched,20.0,0.9443359375,parity2,0.998901725164956,0.9990456321022727
0.5002031326293945,0.5002031326293945,0.75,0.5,0.4998224431818182,128,22.0,22.0,0.50006103515625,0.50006103515625,88,adamw,0.921875,conflict_enriched,22.0,0.966064453125,parity2,0.9993252380652362,0.9995277041480655
0.5001459121704102,0.5001459121704102,0.75,0.5,0.5,128,24.0,24.0,0.50006103515625,0.50006103515625,96,adamw,0.96875,conflict_enriched,24.0,0.986083984375,parity2,0.9996478665259576,0.9997299194335938
0.5000219345092773,0.5000219345092773,0.75,0.5,0.5,128,26.0,26.0,0.5,0.5,104,adamw,0.9921875,conflict_enriched,26.0,0.995361328125,parity2,0.9999070483274087,0.9999469957853618
0.4999990463256836,0.4999990463256836,0.75,0.5,0.5,128,28.0,28.0,0.5,0.5,112,adamw,1.0,conflict_enriched,28.0,0.999755859375,parity2,0.9999966091579862,0.9999983045789931
0.7316350936889648,0.7326383590698242,0.75,0.625,0.625,128,6.0,2.0,0.734375,0.72906494140625,32,adamw,0.0,conflict_enriched,4.0,0.068603515625,mux3,0.9611302388977894,0.9282368251255582
0.7419929504394531,0.7435550689697266,0.75,0.6246093749999999,0.6253906250000001,128,8.0,2.0,0.743927001953125,0.743804931640625,40,adamw,0.1171875,conflict_enriched,5.0,0.319580078125,mux3,0.9798270422640382,0.9708907515914352
0.7474737167358398,0.7477025985717773,0.75,0.625,0.625,128,9.0,3.0,0.748565673828125,0.748992919921875,48,adamw,0.375,conflict_enriched,6.0,0.635986328125,mux3,0.9925283427273961,0.9907637376051682
0.7485637664794922,0.7498703002929688,0.75,0.6244419642857142,0.6255580357142858,128,11.0,3.0,0.749237060546875,0.750457763671875,56,adamw,0.75,conflict_enriched,7.0,0.866943359375,mux3,0.9975398500504032,0.9972656249999999
0.7496833801269531,0.7499103546142578,0.75,0.625,0.625,128,12.0,4.0,0.74993896484375,0.75006103515625,64,adamw,0.890625,conflict_enriched,8.0,0.955078125,mux3,0.9993054789881551,0.999542236328125
0.7499256134033203,0.7499542236328125,0.75,0.6251085069444444,0.6248914930555556,128,14.0,4.0,0.75,0.75,72,adamw,0.9609375,conflict_enriched,9.0,0.987060546875,mux3,0.999798147407521,0.9998726222826086
0.7499971389770508,0.7499971389770508,0.75,0.625,0.625,128,15.0,5.0,0.75,0.75,80,adamw,1.0,conflict_enriched,10.0,0.999267578125,mux3,0.9999916770241477,0.9999958385120739
0.7499971389770508,0.7499971389770508,0.75,0.6249112215909091,0.6250887784090909,128,17.0,5.0,0.75,0.75,88,adamw,1.0,conflict_enriched,11.0,0.999267578125,mux3,0.9999912806919642,0.9999956403459822
0.75,0.75,0.75,0.625,0.625,128,18.0,6.0,0.75,0.75,96,adamw,1.0,conflict_enriched,12.0,1.0,mux3,1.0,1.0
0.75,0.75,0.75,0.625,0.625,128,20.0,6.0,0.75,0.75,104,adamw,1.0,conflict_enriched,13.0,1.0,mux3,1.0,1.0
0.75,0.75,0.75,0.625,0.625,128,21.0,7.0,0.75,0.75,112,adamw,1.0,conflict_enriched,14.0,1.0,mux3,1.0,1.0
