"condition_index","copy_x1_similarity","copy_x2_similarity","dataset_index","function_hex","parity_alt_similarity","probability","rank","sampling_protocol","target_accuracy","target_name","threshold"
"0","0.5","0.5","0","0x0000000000000000FFFFFFFFFFFFFFFFFFFFFFFFFFFFFFFF0000000000000000","0.5","0.019287109375","1","uniform_random","1.0","parity2","0.02"
"0","0.375","0.5","0","0x0000000000000000FFFFFFFFFFFFFFFF55555555555555550000000000000000","0.5","0.0087890625","2","uniform_random","0.875","parity2","0.02"
"0","0.4375","0.53125","0","0x0000000000000000FFFFFFFFFFFFFFFF7F7F7F7F575757570000000000000000","0.46875","0.0079345703125","3","uniform_random","0.9375","parity2","0.02"
"0","0.484375","0.515625","0","0x0000000000000000FFFFFFFFFFFFFFFFFFFFFFFF7F7F7F7F0000000000000000","0.484375","0.0057373046875","4","uniform_random","0.984375","parity2","0.02"
"0","0.3828125","0.5078125","0","0x0000000000000000FFFFFFFFFFFFFFFF55555757555555550000000000000000","0.4921875","0.0037841796875","5","uniform_random","0.8828125","parity2","0.02"
"0","0.49609375","0.50390625","0","0x0000000000000000FFFFFFFFFFFFFFFFFFFFFFFFFF7FFFFF0000000000000000","0.49609375","0.003662109375","6","uniform_random","0.99609375","parity2","0.02"
"0","0.4921875","0.5078125","0","0x0000000000000000FFFFFFFFFFFFFFFFFFFFFFFF7F7FFFFF0000000000000000","0.4921875","0.003662109375","7","uniform_random","0.9921875","parity2","0.02"
"0","0.46875","0.5","0","0x0000000000000000FFFFFFFFFFFFFFFF7F7F7F7F7F7F7F7F0000000000000000","0.5","0.003662109375","8","uniform_random","0.96875","parity2","0.02"
"1","0.65234375","0.84765625","0","0xFFFFFFFFFFFFFCFDFDFDD4DC00000000FFFFFFFF00000000FFFFFDFF00000000","0.35546875","0.0008544921875","1","uniform_random","0.89453125","mux3","0.02"
"1","0.66015625","0.83984375","0","0xFFFFFFFFFFFFFCFDFDFDD4D400000000FFFFFFFF00008080FFFFFFFF00000000","0.35546875","0.0008544921875","2","uniform_random","0.89453125","mux3","0.02"
"1","0.65234375","0.84765625","0","0xFFFFFFFFFFFFFCFCFDFDD4D400000000FFFFFFFF00000000FFFFFDFF00000000","0.35546875","0.0008544921875","3","uniform_random","0.89453125","mux3","0.02"
"1","0.6640625","0.8359375","0","0xFFFFFFFFFCFFD4FCFCFDC4DC00000000FFFFFFFF8080C0C0FFFFFDFF00000000","0.390625","0.000732421875","4","uniform_random","0.859375","mux3","0.02"
"1","0.6484375","0.8515625","0","0xFFFFFFFFFFFFFCFCFDFDD4DC00000000FFFFFFFF00000000FFFFFDFF00000000","0.359375","0.000732421875","5","uniform_random","0.890625","mux3","0.02"
"1","0.67578125","0.82421875","0","0xFFFFFFFFFCFFD4FCDCFDC4DC00000000FFFFFFFFC0C0C0C0FFFFFDFF00000000","0.39453125","0.0006103515625","6","uniform_random","0.85546875","mux3","0.02"
"1","0.65625","0.84375","0","0xFFFFFFFFFFFFFCFCFCFDC4DC00000000FFFFFFFF00000000FFFFFDFF00000000","0.3515625","0.0006103515625","7","uniform_random","0.8984375","mux3","0.02"
"1","0.66015625","0.83984375","0","0xFFFFFFFFFFFFFCFDDCFDC4DC00000000FFFFFFFF00000000FFFFFFFF00000000","0.33984375","0.0006103515625","8","uniform_random","0.91015625","mux3","0.02"
"2","0.5","0.5","1","0x0000000000000000FFFFFFFFFFFFFFFFFFFFFFFFFFFFFFFF0000000000000000","0.5","0.7059326171875","1","uniform_random","1.0","parity2","0.02"
"2","0.49609375","0.49609375","1","0x0000000000000000FFFFFFFFFFFFFFFFFFFFFFFFFFFFFFFF0000000000000800","0.50390625","0.129150390625","2","uniform_random","0.99609375","parity2","0.02"
"2","0.4921875","0.4921875","1","0x0000000000000000FFFFFFFFFFFFFFFFFFFFFFFFFFFFFFFF0000000008000800","0.5078125","0.033935546875","3","uniform_random","0.9921875","parity2","0.02"
"2","0.4921875","0.4921875","1","0x0000000000000000FFFFFFFFFFFFFFFFFFFFFFFFFFFFFFFF0000000000008800","0.5078125","0.0167236328125","4","uniform_random","0.9921875","parity2","0.02"
"2","0.4921875","0.5","1","0x0000000000000000FFFFFFFFFFFFFFFFFFFFFFFFFFFFFFFF0000080000000800","0.5","0.0133056640625","5","uniform_random","0.9921875","parity2","0.02"
"2","0.484375","0.5","1","0x0000000000000000FFFFFFFFFFFFFFFFFFFFFFFFFFFFFFFF0800080008000800","0.5","0.0103759765625","6","uniform_random","0.984375","parity2","0.02"
"2","0.48828125","0.49609375","1","0x0000000000000000FFFFFFFFFFFFFFFFFFFFFFFFFFFFFFFF0000080008000800","0.50390625","0.008056640625","7","uniform_random","0.98828125","parity2","0.02"
"2","0.484375","0.4921875","1","0x0000000000000000FFFFFFFFFFFFFFFFFFFFFFFFFFFFFFFF0000080008008800","0.5078125","0.00732421875","8","uniform_random","0.984375","parity2","0.02"
"3","0.7890625","0.7109375","1","0xFFFFFFFF3F3F3F3F0003000300000000FFFFFFFF03030303033F333F00000000","0.3828125","0.001220703125","1","uniform_random","0.8671875","mux3","0.02"
"3","0.7890625","0.7109375","1","0xFFFFFFFF2B3F2F3F0003000300000000FFFFFFFF030B030B033F233F00000000","0.40625","0.0010986328125","2","uniform_random","0.84375","mux3","0.02"
"3","0.78125","0.71875","1","0xFFFFFFFF3F3F3F3F0003000300000000FFFFFFFF02030203033F333F00000000","0.375","0.0010986328125","3","uniform_random","0.875","mux3","0.02"
"3","0.80078125","0.69921875","1","0xFFFFFFFF3F3F3FBF0003000300000000FFFFFFFF030B030B033F333F00000000","0.38671875","0.0009765625","4","uniform_random","0.86328125","mux3","0.02"
"3","0.80078125","0.69921875","1","0xFFFFFFFF3F3F3F3F0003000300000000FFFFFFFF030B030B033F233F00000000","0.39453125","0.0008544921875","5","uniform_random","0.85546875","mux3","0.02"
"3","0.78515625","0.71484375","1","0xFFFFFFFF333F3FBF0003003300000000FFFFFFFF030303030333333F00000000","0.40234375","0.000732421875","6","uniform_random","0.84765625","mux3","0.02"
"3","0.78515625","0.71484375","1","0xFFFFFFFF2F3F2F3F0003020300000000FFFFFFFF030B030B033F2B3F00000000","0.40234375","0.000732421875","7","uniform_random","0.84765625","mux3","0.02"
"3","0.80078125","0.69921875","1","0xFFFFFFFF3FBF3FBF0003000300000000FFFFFFFF020B020B033F233F00000000","0.37890625","0.000732421875","8","uniform_random","0.87109375","mux3","0.02"
"4","0.515625","0.484375","2","0x00000000000000000FFFFFFFFFFFFFFFFFFFFFFFFFFFFFFF0000000000000000","0.484375","0.0325927734375","1","uniform_random","0.984375","parity2","0.02"
"4","0.5078125","0.4921875","2","0x00000000000000005FFFFFFFFFFFFFFFFFFFFFFFFFFFFFFF0000000000000000","0.4921875","0.02978515625","2","uniform_random","0.9921875","parity2","0.02"
"4","0.53125","0.5","2","0x00000000000000000FFFFFFF0FFFFFFFFFFFFFFFFFFFFFFF0000000000000000","0.5","0.0284423828125","3","uniform_random","0.96875","parity2","0.02"
"4","0.5","0.5","2","0x0000000000000000FFFFFFFFFFFFFFFFFFFFFFFFFFFFFFFF0000000000000000","0.5","0.0252685546875","4","uniform_random","1.0","parity2","0.02"
"4","0.51171875","0.48828125","2","0x00000000000000004FFFFFFFFFFFFFFFFFFFFFFFFFFFFFFF0000000000000000","0.48828125","0.01611328125","5","uniform_random","0.98828125","parity2","0.02"
"4","0.53125","0.484375","2","0x00000000000000000FFF5FFF5FFFFFFFFFFFFFFFFFFFFFFF0000000000000000","0.484375","0.0150146484375","6","uniform_random","0.96875","parity2","0.02"
"4","0.5234375","0.4765625","2","0x00000000000000000FFF5FFFFFFFFFFFFFFFFFFFFFFFFFFF0000000000000000","0.4765625","0.0125732421875","7","uniform_random","0.9765625","parity2","0.02"
"4","0.546875","0.484375","2","0x00000000000000000FFF0FFF0FFFFFFFFFFFFFFFFFFFFFFF0000000000000000","0.484375","0.011474609375","8","uniform_random","0.953125","parity2","0.02"
"5","0.640625","0.859375","2","0xFFFFFFFFFFFFFFFFFFF2FFFB00000000FFFFFFFF00000000FFFFFFFF00000000","0.359375","0.033447265625","1","uniform_random","0.890625","mux3","0.02"
"5","0.6484375","0.8515625","2","0xFFFFFFFFFFFFFFFFFBB2FFFB00000000FFFFFFFF00000000FFFFFFFF00000000","0.3515625","0.028564453125","2","uniform_random","0.8984375","mux3","0.02"
"5","0.64453125","0.85546875","2","0xFFFFFFFFFFFFFFFFFBF2FFFB00000000FFFFFFFF00000000FFFFFFFF00000000","0.35546875","0.02587890625","3","uniform_random","0.89453125","mux3","0.02"
"5","0.64453125","0.85546875","2","0xFFFFFFFFFFFFFFFFFFF0FFFB00000000FFFFFFFF00000000FFFFFFFF00000000","0.35546875","0.0245361328125","4","uniform_random","0.89453125","mux3","0.02"
"5","0.65234375","0.84765625","2","0xFFFFFFFFFFFFFFFFFBB0FFFB00000000FFFFFFFF00000000FFFFFFFF00000000","0.34765625","0.0223388671875","5","uniform_random","0.90234375","mux3","0.02"
"5","0.66015625","0.83984375","2","0xFFFFFFFFFFFFFFFFFBB0FFF200000000FFFFFFFF00000000FFFFFFFF00000000","0.33984375","0.0198974609375","6","uniform_random","0.91015625","mux3","0.02"
"5","0.64453125","0.85546875","2","0xFFFFFFFFFFFFFFFFFFB2FFFB00000000FFFFFFFF00000000FFFFFFFF00000000","0.35546875","0.014892578125","7","uniform_random","0.89453125","mux3","0.02"
"5","0.65625","0.84375","2","0xFFFFFFFFFFFFFFFFFBB0FFF300000000FFFFFFFF00000000FFFFFFFF00000000","0.34375","0.0142822265625","8","uniform_random","0.90625","mux3","0.02"
"6","0.5","0.5","3","0x0000000000000000FFFFFFFFFFFFFFFFFFFFFFFFFFFFFFFF0000000000000000","0.5","0.048583984375","1","uniform_random","1.0","parity2","0.02"
"6","0.53125","0.53125","3","0x0000000000000000FFFFFFFF55FF55FFFFFFFFFFFFFFFFFF0000000000000000","0.53125","0.034912109375","2","uniform_random","0.96875","parity2","0.02"
"6","0.515625","0.546875","3","0x0000000000000000FFFFFFFF55FF55FFFFFFFFFFFFFFFFFF0000005500000000","0.515625","0.0235595703125","3","uniform_random","0.953125","parity2","0.02"
"6","0.5234375","0.5390625","3","0x0000000000000000FFFFFFFF55FF55FFFFFFFFFFFFFFFFFF0000005000000000","0.5234375","0.0230712890625","4","uniform_random","0.9609375","parity2","0.02"
"6","0.515625","0.515625","3","0x0000000000000000FFFFFFFF55FFFFFFFFFFFFFFFFFFFFFF0000000000000000","0.515625","0.019775390625","5","uniform_random","0.984375","parity2","0.02"
"6","0.52734375","0.53515625","3","0x0000000000000000FFFFFFFF55FF55FFFFFFFFFFFFFFFFFF0000001000000000","0.52734375","0.0123291015625","6","uniform_random","0.96484375","parity2","0.02"
"6","0.515625","0.53125","3","0x0000000000000000FFFFFFFF55FFF5FFFFFFFFFFFFFFFFFF0000005000000000","0.515625","0.0123291015625","7","uniform_random","0.96875","parity2","0.02"
"6","0.51953125","0.54296875","3","0x0000000000000000FFFFFFFF55FF55FFFFFFFFFFFFFFFFFF0000005400000000","0.51953125","0.011962890625","8","uniform_random","0.95703125","parity2","0.02"
"7","0.765625","0.734375","3","0xFFFFFFFFFFFFFFAF0000000000000000FFFFFFFF0A000000FFAFFFAF00000000","0.28125","0.003662109375","1","uniform_random","0.96875","mux3","0.02"
"7","0.7734375","0.7265625","3","0xFFFFFFFFFFFFFFFF0000000000000000FFFFFFFF0A000000FFAFFFAF00000000","0.2734375","0.0032958984375","2","uniform_random","0.9765625","mux3","0.02"
"7","0.765625","0.734375","3","0xFFFFFFFFFFFFFFAF0A00000000000000FFFFFFFF0F000000FFAFFFAF00000000","0.296875","0.0030517578125","3","uniform_random","0.953125","mux3","0.02"
"7","0.7734375","0.7265625","3","0xFFFFFFFFFFFFFFAF0000000000000000FFFFFFFF0F000000FFAFFFAF00000000","0.2890625","0.0029296875","4","uniform_random","0.9609375","mux3","0.02"
"7","0.765625","0.71875","3","0xFFFFFFFFFFFFFFAF0A000A000A000000FFFFFFFF0F000000FFAFFF0A00000000","0.3125","0.0029296875","5","uniform_random","0.921875","mux3","0.02"
"7","0.75","0.734375","3","0xFFFFFFFFFFFFFFAF0A000A000A000000FFFFFFFF0A000000FFAFFFAA00000000","0.296875","0.0023193359375","6","uniform_random","0.9375","mux3","0.02"
"7","0.78125","0.703125","3","0xFFFFFFFFFFFFFFAF0A000A000A000000FFFFFFFF0F000000FF0AFF0A00000000","0.328125","0.001953125","7","uniform_random","0.90625","mux3","0.02"
"7","0.76171875","0.73046875","3","0xFFFFFFFFFFFFFFAF0A00000008000000FFFFFFFF0F000000FFAFFFAF00000000","0.29296875","0.001708984375","8","uniform_random","0.94921875","mux3","0.02"
"8","0.5","0.5","4","0x0000000000000000FFFFFFFFFFFFFFFFFFFFFFFFFFFFFFFF0000000000000000","0.5","0.098388671875","1","uniform_random","1.0","parity2","0.02"
"8","0.4921875","0.5078125","4","0x0000000000000000FFFFFFFFFFFFFFFFFFFFFFFFFFFFFFFF0000001100000000","0.4921875","0.078125","2","uniform_random","0.9921875","parity2","0.02"
"8","0.484375","0.515625","4","0x0000000000000000FFFFFFFFFFFFFFFFFFFFFFFFFFFFFFFF0000003300000000","0.484375","0.0308837890625","3","uniform_random","0.984375","parity2","0.02"
"8","0.49609375","0.50390625","4","0x0000000000000000FFFFFFFFFFFFFFFFFFFFFFFFFFFFFFFF0000000100000000","0.49609375","0.029541015625","4","uniform_random","0.99609375","parity2","0.02"
"8","0.49609375","0.50390625","4","0x0000000000000000FFFFFFFFFFFFFFFFFFFFFFFFFFFFFFFF0000001000000000","0.49609375","0.0206298828125","5","uniform_random","0.99609375","parity2","0.02"
"8","0.4765625","0.5234375","4","0x0000000000000000FFFFFFFFFFFFFFFFFFFFFFFFFFFFFFFF0011003300000000","0.4765625","0.0185546875","6","uniform_random","0.9765625","parity2","0.02"
"8","0.484375","0.515625","4","0x0000000000000000FFFFFFFFFFFFFFFFFFFFFFFFFFFFFFFF0011001100000000","0.484375","0.0147705078125","7","uniform_random","0.984375","parity2","0.02"
"8","0.48828125","0.51171875","4","0x0000000000000000FFFFFFFFFFFFFFFFFFFFFFFFFFFFFFFF0000001300000000","0.48828125","0.01318359375","8","uniform_random","0.98828125","parity2","0.02"
"9","0.875","0.625","4","0xFFFFFFFFFFFFFFFF0000000000000000FFFFFFFF000000000000000000000000","0.375","0.8564453125","1","uniform_random","0.875","mux3","0.02"
"9","0.87109375","0.62109375","4","0xFFFFFFFFFFFFFFFF0000000000000000FFFFFFFE000000000000000000000000","0.37890625","0.04541015625","2","uniform_random","0.87109375","mux3","0.02"
"9","0.8671875","0.6171875","4","0xFFFFFFFFFFFFFFFF0000000000000000FFFEFFFE000000000000000000000000","0.3828125","0.029541015625","3","uniform_random","0.8671875","mux3","0.02"
"9","0.875","0.6171875","4","0xFFFFFFFFFFFFFFFF0000000000000000FFFFFFFE800000000000000000000000","0.3828125","0.009521484375","4","uniform_random","0.8671875","mux3","0.02"
"9","0.87109375","0.62109375","4","0xFFFFFFFFFFFFFFFF0000000000000000FFFEFFFF000000000000000000000000","0.37890625","0.0089111328125","5","uniform_random","0.87109375","mux3","0.02"
"9","0.87890625","0.62109375","4","0xFFFFFFFFFFFFFFFF0000000000000000FFFFFFFF800000000000000000000000","0.37890625","0.0045166015625","6","uniform_random","0.87109375","mux3","0.02"
"9","0.86328125","0.61328125","4","0xFFFFFFFFFFFFFFFF0000000000000000FFFEFFFC000000000000000000000000","0.38671875","0.004150390625","7","uniform_random","0.86328125","mux3","0.02"
"9","0.8671875","0.6171875","4","0xFFFFFFFFFFFFFFFF0000000000000000FFFFFFFC000000000000000000000000","0.3828125","0.003662109375","8","uniform_random","0.8671875","mux3","0.02"
"10","0.5","0.5","5","0x0000000000000000FFFFFFFFFFFFFFFFFFFFFFFFFFFFFFFF0000000000000000","0.5","0.475341796875","1","uniform_random","1.0","parity2","0.02"
"10","0.5078125","0.5078125","5","0x0000000000000000FFFFFFFFFFFFAFFFFFFFFFFFFFFFFFFF0000000000000000","0.5078125","0.12109375","2","uniform_random","0.9921875","parity2","0.02"
"10","0.50390625","0.50390625","5","0x0000000000000000FFFFFFFFFFFFBFFFFFFFFFFFFFFFFFFF0000000000000000","0.50390625","0.10791015625","3","uniform_random","0.99609375","parity2","0.02"
"10","0.50390625","0.50390625","5","0x0000000000000000FFFFFFFFFFFFEFFFFFFFFFFFFFFFFFFF0000000000000000","0.50390625","0.0299072265625","4","uniform_random","0.99609375","parity2","0.02"
"10","0.515625","0.515625","5","0x0000000000000000FFFFFFFFFFFFAFAFFFFFFFFFFFFFFFFF0000000000000000","0.515625","0.012451171875","5","uniform_random","0.984375","parity2","0.02"
"10","0.51171875","0.51171875","5","0x0000000000000000FFFFFFFFFFFFAFBFFFFFFFFFFFFFFFFF0000000000000000","0.51171875","0.011962890625","6","uniform_random","0.98828125","parity2","0.02"
"10","0.49609375","0.50390625","5","0x0000000000000000FFFFFFFFFFFFFFFFFFFFFFFFFFFFFFFF0001000000000000","0.49609375","0.0118408203125","7","uniform_random","0.99609375","parity2","0.02"
"10","0.51171875","0.51171875","5","0x0000000000000000FFFFFFFFFFFF2FFFFFFFFFFFFFFFFFFF0000000000000000","0.51171875","0.01171875","8","uniform_random","0.98828125","parity2","0.02"
"11","0.796875","0.703125","5","0xFFFFFFFFFFFFFFFF0000000000000000FFFFFFFF0000FFCCFFFFFFFF00000000","0.296875","0.0115966796875","1","uniform_random","0.953125","mux3","0.02"
"11","0.80078125","0.69921875","5","0xFFFFFFFFFFFFFFFF0000000000000000FFFFFFFF0000FFCCFFFEFFFF00000000","0.30078125","0.0115966796875","2","uniform_random","0.94921875","mux3","0.02"
"11","0.78125","0.71875","5","0xFFFFFFFFFFFFFFFF0000000000000000FFFFFFFF0000CCCCFFFFFFFF00000000","0.28125","0.007080078125","3","uniform_random","0.96875","mux3","0.02"
"11","0.78125","0.71875","5","0xFFFFFFFFFFFFFFFF0000000000000000FFFFFFFF0000DD44FFFFFFFF00000000","0.28125","0.0062255859375","4","uniform_random","0.96875","mux3","0.02"
"11","0.8046875","0.6953125","5","0xFFFFFFFFFFFFFFFF0000000000000000FFFFFFFF0000FFCCFFEEFFFF00000000","0.3046875","0.0054931640625","5","uniform_random","0.9453125","mux3","0.02"
"11","0.79296875","0.70703125","5","0xFFFFFFFFFFFFFFFF0000000000000000FFFFFFFF0000DFCCFFFFFFFF00000000","0.29296875","0.00537109375","6","uniform_random","0.95703125","mux3","0.02"
"11","0.7890625","0.7109375","5","0xFFFFFFFFFFFFFFFF0000000000000000FFFFFFFF0000DDCCFFFFFFFF00000000","0.2890625","0.0052490234375","7","uniform_random","0.9609375","mux3","0.02"
"11","0.78515625","0.71484375","5","0xFFFFFFFFFFFFFFFF0000000000000000FFFFFFFF0000CCCCFFFEFFFF00000000","0.28515625","0.0048828125","8","uniform_random","0.96484375","mux3","0.02"
"12","0.5","0.5","6","0x0000000000000000FFFFFFFFFFFFFFFFFFFFFFFFFFFFFFFF0000000000000000","0.5","0.749267578125","1","uniform_random","1.0","parity2","0.02"
"12","0.5078125","0.5","6","0x4000000040000000FFFFFFFFFFFFFFFFFFFFFFFFFFFFFFFF0000000000000000","0.5","0.017578125","2","uniform_random","0.9921875","parity2","0.02"
"12","0.50390625","0.49609375","6","0x0000000040000000FFFFFFFFFFFFFFFFFFFFFFFFFFFFFFFF0000000000000000","0.49609375","0.017578125","3","uniform_random","0.99609375","parity2","0.02"
"12","0.50390625","0.50390625","6","0x4000000000000000FFFFFFFFFFFFFFFFFFFFFFFFFFFFFFFF0000000000000000","0.50390625","0.015380859375","4","uniform_random","0.99609375","parity2","0.02"
"12","0.49609375","0.49609375","6","0x0000000000000000FFFFFFFFFFFFFFFFFFFFFFFFFFFFFFFF0000000000000001","0.50390625","0.013671875","5","uniform_random","0.99609375","parity2","0.02"
"12","0.515625","0.5","6","0xC0000000C0000000FFFFFFFFFFFFFFFFFFFFFFFFFFFFFFFF0000000000000000","0.5","0.013427734375","6","uniform_random","0.984375","parity2","0.02"
"12","0.49609375","0.49609375","6","0x0000000000000000FFFFFFFFFFFFFFFFFFFFFFFFFFFFFFFF0000000000000100","0.50390625","0.0130615234375","7","uniform_random","0.99609375","parity2","0.02"
"12","0.4921875","0.4921875","6","0x0000000000000000FFFFFFFFFFFFFFFFFFFFFFFFFFFFFFFF0000000000000101","0.5078125","0.011474609375","8","uniform_random","0.9921875","parity2","0.02"
"13","0.73046875","0.76953125","6","0xFFFFFFFF3F3FFFFF0000000100000000FFFFFFFF00000000FFFFFFFF00000000","0.26953125","0.00244140625","1","uniform_random","0.98046875","mux3","0.02"
"13","0.7265625","0.7734375","6","0xFFFFFFFF3F3FFFFF0000000500000000FFFFFFFF00000000FFFFFFFF00000000","0.2734375","0.0018310546875","2","uniform_random","0.9765625","mux3","0.02"
"13","0.734375","0.765625","6","0xFFFFFFFF3F3FFFFF0000000500000000FFFFFFFF00000000DFDFFFFF00000000","0.28125","0.001220703125","3","uniform_random","0.96875","mux3","0.02"
"13","0.734375","0.765625","6","0xFFFFFFFF3F3FFFFF0000000000000000FFFFFFFF00000000FFFFFFFF00000000","0.265625","0.001220703125","4","uniform_random","0.984375","mux3","0.02"
"13","0.74609375","0.75390625","6","0xFFFFFFFF3F3FFFFF0000000500000000FFFFFFFF000000005F5FDFFF00000000","0.29296875","0.0010986328125","5","uniform_random","0.95703125","mux3","0.02"
"13","0.73828125","0.76171875","6","0xFFFFFFFF3F3FFFFF0000000000000000FFFFFFFF00000000FFDFFFFF00000000","0.26953125","0.0008544921875","6","uniform_random","0.98046875","mux3","0.02"
"13","0.75","0.75","6","0xFFFFFFFF3F3FFFFF0000000000000000FFFFFFFF00000000DFDFDFDF00000000","0.28125","0.000732421875","7","uniform_random","0.96875","mux3","0.02"
"13","0.73046875","0.76953125","6","0xFFFFFFFF3F2FFFFF0000000000000000FFFFFFFF00000000FFFFFFFF00000000","0.26953125","0.000732421875","8","uniform_random","0.98046875","mux3","0.02"
"14","0.5234375","0.4609375","7","0x00000000000000000F0FFFFFFFFFFFFFFFFFFFFFFFFFFFFF0000000000000003","0.4765625","0.02734375","1","uniform_random","0.9609375","parity2","0.02"
"14","0.53125","0.46875","7","0x00000000000000000F0FFFFFFFFFFFFFFFFFFFFFFFFFFFFF0000000000000000","0.46875","0.0098876953125","2","uniform_random","0.96875","parity2","0.02"
"14","0.515625","0.46875","7","0x00000000000000001F1FFFFFFFFFFFFFFFFFFFFFFFFFFFFF0000000000000003","0.484375","0.0079345703125","3","uniform_random","0.96875","parity2","0.02"
"14","0.515625","0.453125","7","0x00000000000000000F0FFFFFFFFFFFFFFFFFFFFFFFFFFFFF0000000000000303","0.484375","0.00732421875","4","uniform_random","0.953125","parity2","0.02"
"14","0.52734375","0.46484375","7","0x00000000000000000F0FFFFFFFFFFFFFFFFFFFFFFFFFFFFF0000000000000001","0.47265625","0.0069580078125","5","uniform_random","0.96484375","parity2","0.02"
"14","0.52734375","0.46484375","7","0x00000000000000001717FFFF7F7FFFFFFFFFFFFFFFFFFFFF0000000000000103","0.48828125","0.0069580078125","6","uniform_random","0.94921875","parity2","0.02"
"14","0.53515625","0.45703125","7","0x00000000000000000707FFFF7F7FFFFFFFFFFFFFFFFFFFFF0000000000000103","0.48046875","0.0068359375","7","uniform_random","0.94140625","parity2","0.02"
"14","0.5078125","0.4765625","7","0x00000000000000003F3FFFFFFFFFFFFFFFFFFFFFFFFFFFFF0000000000000003","0.4921875","0.0067138671875","8","uniform_random","0.9765625","parity2","0.02"
"15","0.65234375","0.84765625","7","0xFFFFFFFFFFFFFFFFFFFBFBB200000000FFFFFFFF00000000FFFFFFFB00000000","0.35546875","0.0245361328125","1","uniform_random","0.89453125","mux3","0.02"
"15","0.6484375","0.84375","7","0xFFFFFFFFFFFFFFFFFFFBFBB220000000FFFFFFFF00000000FFFFFFFB00000000","0.3515625","0.023681640625","2","uniform_random","0.890625","mux3","0.02"
"15","0.6484375","0.8515625","7","0xFFFFFFFFFFFFFFFFFFFBFBB200000000FFFFFFFF00000000FFFFFFFF00000000","0.3515625","0.016845703125","3","uniform_random","0.8984375","mux3","0.02"
"15","0.64453125","0.84765625","7","0xFFFFFFFFFFFFFFFFFFFBFBB220000000FFFFFFFF00000000FFFFFFFF00000000","0.34765625","0.0128173828125","4","uniform_random","0.89453125","mux3","0.02"
"15","0.65625","0.84375","7","0xFFFFFFFFFFFFFFFFFFFBFB3200000000FFFFFFFF00000000FFFFFFFB00000000","0.3515625","0.010009765625","5","uniform_random","0.8984375","mux3","0.02"
"15","0.64453125","0.83984375","7","0xFFFFFFFFFFFFFFFFFFFBFBB230000000FFFFFFFF00000000FFFFFFFB00000000","0.34765625","0.0081787109375","6","uniform_random","0.88671875","mux3","0.02"
"15","0.66015625","0.83984375","7","0xFFFFFFFFFFFFFFFFFFFBFB2000000000FFFFFFFF00000000FFFFFFFF00000000","0.33984375","0.007568359375","7","uniform_random","0.91015625","mux3","0.02"
"15","0.6484375","0.8515625","7","0xFFFFFFFFFFFFFFFFFFFFFBB200000000FFFFFFFF00000000FFFFFFFB00000000","0.359375","0.0072021484375","8","uniform_random","0.890625","mux3","0.02"
"16","0.5","0.5","0","0x0000000000000000FFFFFFFFFFFFFFFFFFFFFFFFFFFFFFFF0000000000000000","0.5","0.8251953125","1","cell_balanced","1.0","parity2","0.02"
"16","0.50390625","0.50390625","0","0x0000000000000000FFFFFFFF7FFFFFFFFFFFFFFFFFFFFFFF0000000000000000","0.50390625","0.0413818359375","2","cell_balanced","0.99609375","parity2","0.02"
"16","0.5078125","0.5078125","0","0x0000000000000000FFFFFFFF3FFFFFFFFFFFFFFFFFFFFFFF0000000000000000","0.5078125","0.0152587890625","3","cell_balanced","0.9921875","parity2","0.02"
"16","0.49609375","0.49609375","0","0x0000000000000000FFFFFFFFFFFFFFFFBFFFFFFFFFFFFFFF0000000000000000","0.50390625","0.0146484375","4","cell_balanced","0.99609375","parity2","0.02"
"16","0.49609375","0.49609375","0","0x0000000000000000FFFFFFFFFFFFFFFFEFFFFFFFFFFFFFFF0000000000000000","0.50390625","0.009765625","5","cell_balanced","0.99609375","parity2","0.02"
"16","0.5078125","0.5","0","0x00000000000000007FFFFFFF7FFFFFFFFFFFFFFFFFFFFFFF0000000000000000","0.5","0.007080078125","6","cell_balanced","0.9921875","parity2","0.02"
"16","0.4921875","0.4921875","0","0x0000000000000000FFFFFFFFFFFFFFFFAFFFFFFFFFFFFFFF0000000000000000","0.5078125","0.0057373046875","7","cell_balanced","0.9921875","parity2","0.02"
"16","0.51171875","0.50390625","0","0x00000000000000007FFFFFFF3FFFFFFFFFFFFFFFFFFFFFFF0000000000000000","0.50390625","0.0040283203125","8","cell_balanced","0.98828125","parity2","0.02"
"17","0.75","0.75","0","0xFFFFFFFFFFFFFFFF0000000000000000FFFFFFFF00000000FFFFFFFF00000000","0.25","0.9951171875","1","cell_balanced","1.0","mux3","0.02"
"17","0.74609375","0.75390625","0","0xFFFFFFFFFFFFFDFF0000000000000000FFFFFFFF00000000FFFFFFFF00000000","0.25390625","0.0029296875","2","cell_balanced","0.99609375","mux3","0.02"
"17","0.75390625","0.74609375","0","0xFFFFFFFFFFFFFFFF0000000000000000FFFFFFFF00400000FFFFFFFF00000000","0.25390625","0.0009765625","3","cell_balanced","0.99609375","mux3","0.02"
"17","0.7421875","0.7578125","0","0xFFFFFFFFFFFFDDFF0000000000000000FFFFFFFF00000000FFFFFFFF00000000","0.2578125","0.000244140625","4","cell_balanced","0.9921875","mux3","0.02"
"17","0.7421875","0.7578125","0","0xFFFFFFFFFFFFF5FF0000000000000000FFFFFFFF00000000FFFFFFFF00000000","0.2578125","0.000244140625","5","cell_balanced","0.9921875","mux3","0.02"
"17","0.74609375","0.75390625","0","0xFFFFFFFFFFFFF7FF0000000000000000FFFFFFFF00000000FFFFFFFF00000000","0.25390625","0.0001220703125","6","cell_balanced","0.99609375","mux3","0.02"
"17","0.74609375","0.75390625","0","0xFFFFFFFFFFFFFEFF0000000000000000FFFFFFFF00000000FFFFFFFF00000000","0.25390625","0.0001220703125","7","cell_balanced","0.99609375","mux3","0.02"
"17","0.75","0.75","0","0xFFFFFFFFFFFFF7FF0000000000000000FFFFFFFF00100000FFFFFFFF00000000","0.2578125","0.0001220703125","8","cell_balanced","0.9921875","mux3","0.02"
"18","0.5","0.5","1","0x0000000000000000FFFFFFFFFFFFFFFFFFFFFFFFFFFFFFFF0000000000000000","0.5","0.3048095703125","1","cell_balanced","1.0","parity2","0.02"
"18","0.5078125","0.5","1","0x0000000000000000FFFFEFFFFFFFEFFFFFFFFFFFFFFFFFFF0000000000000000","0.5","0.056640625","2","cell_balanced","0.9921875","parity2","0.02"
"18","0.53125","0.5","1","0x0000000000000000FFFFCCFFFFFFCCFFFFFFFFFFFFFFFFFF0000000000000000","0.5","0.05224609375","3","cell_balanced","0.96875","parity2","0.02"
"18","0.515625","0.5","1","0x0000000000000000FFFFCFFFFFFFCFFFFFFFFFFFFFFFFFFF0000000000000000","0.5","0.0462646484375","4","cell_balanced","0.984375","parity2","0.02"
"18","0.50390625","0.49609375","1","0x0000000000000000FFFFEFFFFFFFFFFFFFFFFFFFFFFFFFFF0000000000000000","0.49609375","0.0452880859375","5","cell_balanced","0.99609375","parity2","0.02"
"18","0.5078125","0.4921875","1","0x0000000000000000FFFFCFFFFFFFFFFFFFFFFFFFFFFFFFFF0000000000000000","0.4921875","0.02783203125","6","cell_balanced","0.9921875","parity2","0.02"
"18","0.51171875","0.49609375","1","0x0000000000000000FFFFCFFFFFFFEFFFFFFFFFFFFFFFFFFF0000000000000000","0.49609375","0.02685546875","7","cell_balanced","0.98828125","parity2","0.02"
"18","0.50390625","0.50390625","1","0x0000000000000000FFFFFFFFFFFFEFFFFFFFFFFFFFFFFFFF0000000000000000","0.50390625","0.0230712890625","8","cell_balanced","0.99609375","parity2","0.02"
"19","0.74609375","0.75390625","1","0xFFFFFFFFF7F1F7F10000100000000000FFFFFFFF70107010FFFFFFFF00000000","0.31640625","0.0025634765625","1","cell_balanced","0.93359375","mux3","0.02"
"19","0.75","0.75","1","0xFFFFFFFFF7F1F7F10000000000000000FFFFFFFF70107010FFFFFFFF00000000","0.3125","0.0025634765625","2","cell_balanced","0.9375","mux3","0.02"
"19","0.74609375","0.75390625","1","0xFFFFFFFFF7F1F7F10000110000000000FFFFFFFF70107110FFFFFFFF00000000","0.32421875","0.001708984375","3","cell_balanced","0.92578125","mux3","0.02"
"19","0.7421875","0.7578125","1","0xFFFFFFFFF7F1F7F10000110000000000FFFFFFFF70107010FFFFFFFF00000000","0.3203125","0.0015869140625","4","cell_balanced","0.9296875","mux3","0.02"
"19","0.73828125","0.76171875","1","0xFFFFFFFFF7F1F7F11000110000000000FFFFFFFF70107010FFFFFFFF00000000","0.32421875","0.0010986328125","5","cell_balanced","0.92578125","mux3","0.02"
"19","0.75","0.75","1","0xFFFFFFFFF7F1F7F10000110000000000FFFFFFFF70107130FFFFFFFF00000000","0.328125","0.0010986328125","6","cell_balanced","0.921875","mux3","0.02"
"19","0.75390625","0.74609375","1","0xFFFFFFFFF7F1F7F10000000000000000FFFFFFFF70107030FFFFFFFF00000000","0.31640625","0.0009765625","7","cell_balanced","0.93359375","mux3","0.02"
"19","0.7265625","0.7734375","1","0xFFFFFFFFF7F1F7F100003F0000000000FFFFFFFF70107010FFFFFFFF00000000","0.3359375","0.0009765625","8","cell_balanced","0.9140625","mux3","0.02"
"20","0.5","0.5","2","0x0000000000000000FFFFFFFFFFFFFFFFFFFFFFFFFFFFFFFF0000000000000000","0.5","0.5615234375","1","cell_balanced","1.0","parity2","0.02"
"20","0.50390625","0.50390625","2","0x4000000000000000FFFFFFFFFFFFFFFFFFFFFFFFFFFFFFFF0000000000000000","0.50390625","0.135009765625","2","cell_balanced","0.99609375","parity2","0.02"
"20","0.5078125","0.5","2","0x4000000040000000FFFFFFFFFFFFFFFFFFFFFFFFFFFFFFFF0000000000000000","0.5","0.0321044921875","3","cell_balanced","0.9921875","parity2","0.02"
"20","0.5078125","0.5078125","2","0x4000000000000000FFFFFFFFFFFFFFFDFFFFFFFFFFFFFFFF0000000000000000","0.5078125","0.0313720703125","4","cell_balanced","0.9921875","parity2","0.02"
"20","0.50390625","0.50390625","2","0x0000000000000000FFFFFFFFFFFFFFFDFFFFFFFFFFFFFFFF0000000000000000","0.50390625","0.0260009765625","5","cell_balanced","0.99609375","parity2","0.02"
"20","0.5078125","0.5078125","2","0x4000400000000000FFFFFFFFFFFFFFFFFFFFFFFFFFFFFFFF0000000000000000","0.5078125","0.016845703125","6","cell_balanced","0.9921875","parity2","0.02"
"20","0.51171875","0.50390625","2","0x4000400040000000FFFFFFFFFFFFFFFFFFFFFFFFFFFFFFFF0000000000000000","0.50390625","0.0123291015625","7","cell_balanced","0.98828125","parity2","0.02"
"20","0.51171875","0.50390625","2","0x4000000040000000FFFFFFFFFFFFFFFDFFFFFFFFFFFFFFFF0000000000000000","0.50390625","0.0093994140625","8","cell_balanced","0.98828125","parity2","0.02"
"21","0.75","0.75","2","0xFFFFFFFFFFFFFFFF0000000000000000FFFFFFFF00000000FFFFFFFF00000000","0.25","0.2791748046875","1","cell_balanced","1.0","mux3","0.02"
"21","0.75390625","0.74609375","2","0xFFFFFFFFFFFFFFFF0000000000000000FFFFFFFF00000002FFFFFFFF00000000","0.25390625","0.161376953125","2","cell_balanced","0.99609375","mux3","0.02"
"21","0.75","0.75","2","0xFFFFFFFFBFFFFFFF0000000000000000FFFFFFFF00000002FFFFFFFF00000000","0.2578125","0.0977783203125","3","cell_balanced","0.9921875","mux3","0.02"
"21","0.765625","0.734375","2","0xFFFFFFFFFFFFFFFF0000000000000000FFFFFFFF00002222FFFFFFFF00000000","0.265625","0.044677734375","4","cell_balanced","0.984375","mux3","0.02"
"21","0.7578125","0.7421875","2","0xFFFFFFFFFFFFFFFF0000000000000000FFFFFFFF00000202FFFFFFFF00000000","0.2578125","0.03515625","5","cell_balanced","0.9921875","mux3","0.02"
"21","0.74609375","0.75390625","2","0xFFFFFFFFBFFFFFFF0000000000000000FFFFFFFF00000000FFFFFFFF00000000","0.25390625","0.03173828125","6","cell_balanced","0.99609375","mux3","0.02"
"21","0.7578125","0.7421875","2","0xFFFFFFFFFFFFFFFF0000000000000000FFFFFFFF00000022FFFFFFFF00000000","0.2578125","0.0291748046875","7","cell_balanced","0.9921875","mux3","0.02"
"21","0.76171875","0.73828125","2","0xFFFFFFFFFFFFFFFF0000000000000000FFFFFFFF00000222FFFFFFFF00000000","0.26171875","0.0284423828125","8","cell_balanced","0.98828125","mux3","0.02"
"22","0.4921875","0.5","3","0x0000000000000000FFFFFFFFFFFFFFFFFFFFFFFFFFFFFFFF0000000200000002","0.5","0.0885009765625","1","cell_balanced","0.9921875","parity2","0.02"
"22","0.5","0.5","3","0x0000000000000000FFFFFFFFFFFFFFFFFFFFFFFFFFFFFFFF0000000000000000","0.5","0.06396484375","2","cell_balanced","1.0","parity2","0.02"
"22","0.484375","0.5","3","0x0000000000000000FFFFFFFFFFFFFFFFFFFFFFFFFFFFFFFF0000020200000202","0.5","0.045654296875","3","cell_balanced","0.984375","parity2","0.02"
"22","0.49609375","0.50390625","3","0x0000000000000000FFFFFFFFFFFFFFFFFFFFFFFFFFFFFFFF0000000200000000","0.49609375","0.0272216796875","4","cell_balanced","0.99609375","parity2","0.02"
"22","0.49609375","0.49609375","3","0x0000000000000000FFFFFFFFFFFFFFFFFFFFFFFFFFFFFFFF0000000000000002","0.50390625","0.0174560546875","5","cell_balanced","0.99609375","parity2","0.02"
"22","0.4765625","0.5","3","0x0000000000000000FFFFFFFFFFFFFFFFFFFFFFFFFFFFFFFF0002020200020202","0.5","0.01611328125","6","cell_balanced","0.9765625","parity2","0.02"
"22","0.48828125","0.49609375","3","0x0000000000000000FFFFFFFFFFFFFFFFFFFFFFFFFFFFFFFF0000000200000202","0.50390625","0.014892578125","7","cell_balanced","0.98828125","parity2","0.02"
"22","0.48828125","0.50390625","3","0x0000000000000000FFFFFFFFFFFFFFFFFFFFFFFFFFFFFFFF0000020200000002","0.49609375","0.0140380859375","8","cell_balanced","0.98828125","parity2","0.02"
"23","0.78125","0.71875","3","0xFFFFFFFFF5FF55D54444000000000000FFFFFFFF50550050D5DD555500000000","0.3828125","0.0025634765625","1","cell_balanced","0.8671875","mux3","0.02"
"23","0.78515625","0.71484375","3","0xFFFFFFFFD5FF55D54444000000000000FFFFFFFF55550050D5DD555500000000","0.39453125","0.0023193359375","2","cell_balanced","0.85546875","mux3","0.02"
"23","0.79296875","0.70703125","3","0xFFFFFFFFFDFF55D54444000000000000FFFFFFFF55550050D5DD555500000000","0.38671875","0.002197265625","3","cell_balanced","0.86328125","mux3","0.02"
"23","0.7890625","0.7109375","3","0xFFFFFFFFFDFF55D54444000000000000FFFFFFFF55550050DDDD555500000000","0.3828125","0.0018310546875","4","cell_balanced","0.8671875","mux3","0.02"
"23","0.796875","0.703125","3","0xFFFFFFFFF5FF55D54444000000000000FFFFFFFF55550055D5DD555500000000","0.3984375","0.0018310546875","5","cell_balanced","0.8515625","mux3","0.02"
"23","0.7890625","0.7109375","3","0xFFFFFFFFF5FF55D54444000000000000FFFFFFFF51550051D5DD555500000000","0.390625","0.001708984375","6","cell_balanced","0.859375","mux3","0.02"
"23","0.77734375","0.72265625","3","0xFFFFFFFFD5FF55D54444000000000000FFFFFFFF50550050D5DD555500000000","0.38671875","0.0015869140625","7","cell_balanced","0.86328125","mux3","0.02"
"23","0.79296875","0.70703125","3","0xFFFFFFFFD5FF55D54444000000000000FFFFFFFF55550055D5DD555500000000","0.40234375","0.0015869140625","8","cell_balanced","0.84765625","mux3","0.02"
"24","0.4921875","0.5","4","0x0000000000000000FFFFFFFFFFFFFFFFFDFFFFFFFDFFFFFF0000000000000000","0.5","0.0029296875","1","cell_balanced","0.9921875","parity2","0.02"
"24","0.5","0.5","4","0x0000000000000000FFFFFFFFFFFFFFFFFFFFFFFFFFFFFFFF0000000000000000","0.5","0.002685546875","2","cell_balanced","1.0","parity2","0.02"
"24","0.46875","0.5","4","0x0000000000000000FFFFFFFFFFFFFFFFF5F5FFFFF5F5FFFF0000000000000000","0.5","0.0025634765625","3","cell_balanced","0.96875","parity2","0.02"
"24","0.484375","0.5","4","0x0000000000000000FFFFFFFFFFFFFFFFFDFDFFFFFDFDFFFF0000000000000000","0.5","0.002197265625","4","cell_balanced","0.984375","parity2","0.02"
"24","0.46484375","0.50390625","4","0x0000000000000000FFFFFFFFFFFFFFFFF5F5FFFFF4F5FFFF0000000000000000","0.49609375","0.0018310546875","5","cell_balanced","0.96484375","parity2","0.02"
"24","0.49609375","0.50390625","4","0x0000000000000000FFFFFFFFFFFFFFFFFFFFFFFFFDFFFFFF0000000000000000","0.49609375","0.00146484375","6","cell_balanced","0.99609375","parity2","0.02"
"24","0.5078125","0.5","4","0x0000000000000000FFFFEFFFFFFFEFFFFFFFFFFFFFFFFFFF0000000000000000","0.5","0.00146484375","7","cell_balanced","0.9921875","parity2","0.02"
"24","0.4921875","0.5078125","4","0x0000000000000000FFFFFFFFFFFFCFFFFDFDFFFFFDFDFFFF0000000000000000","0.5078125","0.00146484375","8","cell_balanced","0.9765625","parity2","0.02"
"25","0.7578125","0.7421875","4","0xFFFFFFFFFFFFFFFF0000000000000000FFFFFFFF03000000FFFFFFFF00000000","0.2578125","0.05078125","1","cell_balanced","0.9921875","mux3","0.02"
"25","0.75","0.75","4","0xFFFFFFFFFFFFFFFF0000000000000000FFFFFFFF00000000FFFFFFFF00000000","0.25","0.0296630859375","2","cell_balanced","1.0","mux3","0.02"
"25","0.75390625","0.74609375","4","0xFFFFFFFFFFFFFFFF0000000000000000FFFFFFFF01000000FFFFFFFF00000000","0.25390625","0.02001953125","3","cell_balanced","0.99609375","mux3","0.02"
"25","0.765625","0.734375","4","0xFFFFFFFFFFFFFFFF0000000000000000FFFFFFFF03000300FFFFFFFF00000000","0.265625","0.0140380859375","4","cell_balanced","0.984375","mux3","0.02"
"25","0.76171875","0.73828125","4","0xFFFFFFFFFFFFFFFF0000000000000000FFFFFFFF03000100FFFFFFFF00000000","0.26171875","0.011474609375","5","cell_balanced","0.98828125","mux3","0.02"
"25","0.75390625","0.74609375","4","0xFFFFFFFFFFFFFFFF0000010000000000FFFFFFFF03000000FFFFFFFF00000000","0.26171875","0.0093994140625","6","cell_balanced","0.98828125","mux3","0.02"
"25","0.765625","0.734375","4","0xFFFFFFFFFFFFFFFF0000000000000000FFFFFFFF0F000000FFFFFFFF00000000","0.265625","0.00830078125","7","cell_balanced","0.984375","mux3","0.02"
"25","0.7578125","0.7421875","4","0xFFFFFFFFFFFFFFFF0000010000000000FFFFFFFF03000100FFFFFFFF00000000","0.265625","0.00732421875","8","cell_balanced","0.984375","mux3","0.02"
"26","0.5","0.5","5","0x0000000000000000FFFFFFFFFFFFFFFFFFFFFFFFFFFFFFFF0000000000000000","0.5","0.824951171875","1","cell_balanced","1.0","parity2","0.02"
"26","0.49609375","0.50390625","5","0x0000000000000000FFFFFFFFFFFFFFFFFFFFFFFFFBFFFFFF0000000000000000","0.49609375","0.05517578125","2","cell_balanced","0.99609375","parity2","0.02"
"26","0.4921875","0.5078125","5","0x0000000000000000FFFFFFFFFFFFFFFFFFFFFFFFFBFBFFFF0000000000000000","0.4921875","0.03466796875","3","cell_balanced","0.9921875","parity2","0.02"
"26","0.49609375","0.50390625","5","0x0000000000000000FFFFFFFFFFFFFFFFFFFFFFFFFFFBFFFF0000000000000000","0.49609375","0.0108642578125","4","cell_balanced","0.99609375","parity2","0.02"
"26","0.484375","0.5","5","0x0000000000000000FFFFFFFFFFFFFFFFFBFBFFFFFBFBFFFF0000000000000000","0.5","0.0093994140625","5","cell_balanced","0.984375","parity2","0.02"
"26","0.4921875","0.5","5","0x0000000000000000FFFFFFFFFFFFFFFFFBFFFFFFFBFFFFFF0000000000000000","0.5","0.0069580078125","6","cell_balanced","0.9921875","parity2","0.02"
"26","0.48828125","0.50390625","5","0x0000000000000000FFFFFFFFFFFFFFFFFBFFFFFFFBFBFFFF0000000000000000","0.49609375","0.005615234375","7","cell_balanced","0.98828125","parity2","0.02"
"26","0.49609375","0.49609375","5","0x0000000000000000FFFFFFFFFFFFFFFFFBFFFFFFFFFFFFFF0000000000000000","0.50390625","0.0042724609375","8","cell_balanced","0.99609375","parity2","0.02"
"27","0.75","0.75","5","0xFFFFFFFFFF7FFF7F0000000000000000FFFFFFFF01000100FFFFFFFF00000000","0.265625","0.0626220703125","1","cell_balanced","0.984375","mux3","0.02"
"27","0.7578125","0.7421875","5","0xFFFFFFFFFFFFFFFF0000000000000000FFFFFFFF01000100FFFFFFFF00000000","0.2578125","0.050048828125","2","cell_balanced","0.9921875","mux3","0.02"
"27","0.75390625","0.74609375","5","0xFFFFFFFFFFFFFFFF0000000000000000FFFFFFFF01000000FFFFFFFF00000000","0.25390625","0.0281982421875","3","cell_balanced","0.99609375","mux3","0.02"
"27","0.7578125","0.7421875","5","0xFFFFFFFFFF7FFF7F0000000000000000FFFFFFFF11001100FFFFFFFF00000000","0.2734375","0.02734375","4","cell_balanced","0.9765625","mux3","0.02"
"27","0.75390625","0.74609375","5","0xFFFFFFFFFFFFFF7F0000000000000000FFFFFFFF01000100FFFFFFFF00000000","0.26171875","0.0233154296875","5","cell_balanced","0.98828125","mux3","0.02"
"27","0.7734375","0.7265625","5","0xFFFFFFFFFF7FFF7F0000000000000000FFFFFFFF15011501FFFFFFFF00000000","0.2890625","0.0213623046875","6","cell_balanced","0.9609375","mux3","0.02"
"27","0.75","0.75","5","0xFFFFFFFFFFFFFFFF0000000000000000FFFFFFFF00000000FFFFFFFF00000000","0.25","0.01904296875","7","cell_balanced","1.0","mux3","0.02"
"27","0.765625","0.734375","5","0xFFFFFFFFFFFFFF7F0000000000000000FFFFFFFF15010100FFFFFFFF00000000","0.2734375","0.0150146484375","8","cell_balanced","0.9765625","mux3","0.02"
"28","0.5","0.5","6","0x0000000000000000FFFFFFFFFFFFFFFFFFFFFFFFFFFFFFFF0000000000000000","0.5","1.0","1","cell_balanced","1.0","parity2","0.02"
"29","0.75","0.75","6","0xFFFFFFFFFFFFFFFF0000000000000000FFFFFFFF00000000FFFFFFFF00000000","0.25","0.8564453125","1","cell_balanced","1.0","mux3","0.02"
"29","0.75390625","0.74609375","6","0xFFFFFFFFFFFFFFFF0000000000000000FFFFFFFF00000400FFFFFFFF00000000","0.25390625","0.055908203125","2","cell_balanced","0.99609375","mux3","0.02"
"29","0.7578125","0.7421875","6","0xFFFFFFFFFFFFFFFF0000000000000000FFFFFFFF04000400FFFFFFFF00000000","0.2578125","0.014404296875","3","cell_balanced","0.9921875","mux3","0.02"
"29","0.75390625","0.74609375","6","0xFFFFFFFFFFFFFFFF0000000000000000FFFFFFFF00000000FFFFFFEF00000000","0.25390625","0.0120849609375","4","cell_balanced","0.99609375","mux3","0.02"
"29","0.75390625","0.74609375","6","0xFFFFFFFFFFFFFFFF0000000000000000FFFFFFFF04000000FFFFFFFF00000000","0.25390625","0.010498046875","5","cell_balanced","0.99609375","mux3","0.02"
"29","0.75390625","0.74609375","6","0xFFFFFFFFFFFFFFFF0000000000000000FFFFFFFF00000000FFFFFFFE00000000","0.25390625","0.0048828125","6","cell_balanced","0.99609375","mux3","0.02"
"29","0.74609375","0.75390625","6","0xFFFFFFFFFFFFFFFF0000080000000000FFFFFFFF00000000FFFFFFFF00000000","0.25390625","0.0048828125","7","cell_balanced","0.99609375","mux3","0.02"
"29","0.7578125","0.7421875","6","0xFFFFFFFFFFFFFFFF0000000000000000FFFFFFFF00000000FFFFFFEE00000000","0.2578125","0.0042724609375","8","cell_balanced","0.9921875","mux3","0.02"
"30","0.5","0.5","7","0x0000000000000000FFFFFFFFFFFFFFFFFFFFFFFFFFFFFFFF0000000000000000","0.5","0.17138671875","1","cell_balanced","1.0","parity2","0.02"
"30","0.50390625","0.49609375","7","0x0000000000000000DFFFFFFFFFFFFFFFFFFFFFFFFFFFFFFF0000000000000000","0.49609375","0.1143798828125","2","cell_balanced","0.99609375","parity2","0.02"
"30","0.5078125","0.4921875","7","0x00000000000000005FFFFFFFFFFFFFFFFFFFFFFFFFFFFFFF0000000000000000","0.4921875","0.0616455078125","3","cell_balanced","0.9921875","parity2","0.02"
"30","0.51953125","0.48828125","7","0x00000000000000004FFFDFFFDFFFFFFFFFFFFFFFFFFFFFFF0000000000000000","0.48828125","0.045654296875","4","cell_balanced","0.98046875","parity2","0.02"
"30","0.5078125","0.4921875","7","0x0000000000000000CFFFFFFFFFFFFFFFFFFFFFFFFFFFFFFF0000000000000000","0.4921875","0.0360107421875","5","cell_balanced","0.9921875","parity2","0.02"
"30","0.5078125","0.4921875","7","0x0000000000000000DFFFDFFFFFFFFFFFFFFFFFFFFFFFFFFF0000000000000000","0.4921875","0.02734375","6","cell_balanced","0.9921875","parity2","0.02"
"30","0.51171875","0.48828125","7","0x00000000000000004FFFFFFFFFFFFFFFFFFFFFFFFFFFFFFF0000000000000000","0.48828125","0.0228271484375","7","cell_balanced","0.98828125","parity2","0.02"
"30","0.515625","0.484375","7","0x00000000000000004FFFDFFFFFFFFFFFFFFFFFFFFFFFFFFF0000000000000000","0.484375","0.02197265625","8","cell_balanced","0.984375","parity2","0.02"
"31","0.75","0.75","7","0xFFFFFFFFFFFFFFFF0000000000000000FFFFFFFF00000000FFFFFFFF00000000","0.25","0.09521484375","1","cell_balanced","1.0","mux3","0.02"
"31","0.7578125","0.7421875","7","0xFFFFFFFFFFFFFFFF0000000000000000FFFFFFFF00000808FFFFFFFF00000000","0.2578125","0.0679931640625","2","cell_balanced","0.9921875","mux3","0.02"
"31","0.765625","0.734375","7","0xFFFFFFFFFFFFFFFF0000000000000000FFFFFFFF08080808FFFFFFFF00000000","0.265625","0.045166015625","3","cell_balanced","0.984375","mux3","0.02"
"31","0.7734375","0.7265625","7","0xFFFFFFFFFFFFFFFF0000000000000000FFFFFFFF08080C0CFFFFFFFF00000000","0.2734375","0.0416259765625","4","cell_balanced","0.9765625","mux3","0.02"
"31","0.75390625","0.74609375","7","0xFFFFFFFFFFFFFFFF0000000000000000FFFFFFFF00000008FFFFFFFF00000000","0.25390625","0.039306640625","5","cell_balanced","0.99609375","mux3","0.02"
"31","0.765625","0.734375","7","0xFFFFFFFFFFFFFFFF0000000000000000FFFFFFFF00000C0CFFFFFFFF00000000","0.265625","0.03564453125","6","cell_balanced","0.984375","mux3","0.02"
"31","0.75390625","0.74609375","7","0xFFFFFFFFFFFFFFFF0000000000000000FFFFFFFF00000800FFFFFFFF00000000","0.25390625","0.0245361328125","7","cell_balanced","0.99609375","mux3","0.02"
"31","0.76171875","0.73828125","7","0xFFFFFFFFFFFFFFFF0000000000000000FFFFFFFF00080808FFFFFFFF00000000","0.26171875","0.0211181640625","8","cell_balanced","0.98828125","mux3","0.02"
"32","0.5","0.5","0","0x0000000000000000FFFFFFFFFFFFFFFFFFFFFFFFFFFFFFFF0000000000000000","0.5","0.6627197265625","1","conflict_enriched","1.0","parity2","0.02"
"32","0.49609375","0.49609375","0","0x0000000000000000FFFFFFFFFFFFFFFFFFFFFFFFFFFFFFFF0000000000001000","0.50390625","0.0565185546875","2","conflict_enriched","0.99609375","parity2","0.02"
"32","0.4921875","0.4921875","0","0x0000000000000000FFFFFFFFFFFFFFFFFFFFFFFFFFFFFFFF0000000000001010","0.5078125","0.0423583984375","3","conflict_enriched","0.9921875","parity2","0.02"
"32","0.4921875","0.4921875","0","0x0000000000000000FFFFFFFFFFFFFFFFFFFFFFFFFFFFFFFF0000000010001000","0.5078125","0.026123046875","4","conflict_enriched","0.9921875","parity2","0.02"
"32","0.484375","0.484375","0","0x0000000000000000FFFFFFFFFFFFFFFFFFFFFFFFFFFFFFFF0000000010101010","0.515625","0.0242919921875","5","conflict_enriched","0.984375","parity2","0.02"
"32","0.49609375","0.49609375","0","0x0000000000000000FFFFFFFFFFFFFFFFFFFFFFFFFFFFFFFF0000000000000010","0.50390625","0.0201416015625","6","conflict_enriched","0.99609375","parity2","0.02"
"32","0.48828125","0.48828125","0","0x0000000000000000FFFFFFFFFFFFFFFFFFFFFFFFFFFFFFFF0000000010001010","0.51171875","0.0140380859375","7","conflict_enriched","0.98828125","parity2","0.02"
"32","0.49609375","0.49609375","0","0x0000000000000000FFFFFFFFFFFFFFFFFFFFFFFFFFFFFFFF0000000010000000","0.50390625","0.0084228515625","8","conflict_enriched","0.99609375","parity2","0.02"
"33","0.75","0.75","0","0xFFFFFFFFFFFFFFFF0000000000000000FFFFFFFF00000000FFFFFFFF00000000","0.25","0.8245849609375","1","conflict_enriched","1.0","mux3","0.02"
"33","0.74609375","0.74609375","0","0xFFFFFFFFFFFFFFFF0000000000000000FFFFFFFF00000000FFFFFFFF00004000","0.25390625","0.0667724609375","2","conflict_enriched","0.99609375","mux3","0.02"
"33","0.7421875","0.7421875","0","0xFFFFFFFFFFFFFFFF0000000000000000FFFFFFFF00000000FFFFFFFF00004040","0.2578125","0.0224609375","3","conflict_enriched","0.9921875","mux3","0.02"
"33","0.74609375","0.74609375","0","0xFFFFFFFFFFFFFFFF0000000000000000FDFFFFFF00000000FFFFFFFF00000000","0.25390625","0.0140380859375","4","conflict_enriched","0.99609375","mux3","0.02"
"33","0.74609375","0.74609375","0","0xFFFFFFFFFFFFFFFF0000000000000000FFFFFFFF00000000FFFFFFFF00000040","0.25390625","0.0072021484375","5","conflict_enriched","0.99609375","mux3","0.02"
"33","0.73828125","0.73828125","0","0xFFFFFFFFFFFFFFFF0000000000000000FDFFFFFF00000000FFFFFFFF00004040","0.26171875","0.00634765625","6","conflict_enriched","0.98828125","mux3","0.02"
"33","0.7421875","0.7421875","0","0xFFFFFFFFFFFFFFFF0000000000000000FFFFFFFF00000000FFFFFFFF40004000","0.2578125","0.005859375","7","conflict_enriched","0.9921875","mux3","0.02"
"33","0.73828125","0.73828125","0","0xFFFFFFFFFFFFFFFF0000000000000000FFFFFFFF00000000FFFFFFFF40004040","0.26171875","0.003662109375","8","conflict_enriched","0.98828125","mux3","0.02"
"34","0.5","0.5","1","0x0000000000000000FFFFFFFFFFFFFFFFFFFFFFFFFFFFFFFF0000000000000000","0.5","0.0205078125","1","conflict_enriched","1.0","parity2","0.02"
"34","0.49609375","0.49609375","1","0x0000000000000000FFFFFFFFFFFFFFFFFFFF7FFFFFFFFFFF0000000000000000","0.50390625","0.01318359375","2","conflict_enriched","0.99609375","parity2","0.02"
"34","0.484375","0.484375","1","0x0000000000000000FFFFFFFFFFFFFFFFFFFF5FFFFFFFFFFF0000000000050000","0.515625","0.0113525390625","3","conflict_enriched","0.984375","parity2","0.02"
"34","0.48828125","0.48828125","1","0x0000000000000000FFFFFFFFFFFFFFFFFFFF5FFFFFFFFFFF0000000000040000","0.51171875","0.010498046875","4","conflict_enriched","0.98828125","parity2","0.02"
"34","0.4609375","0.4765625","1","0x0000000000000000FFFFFFFFFFFFFFFFFFFF05FFFFFF5FFF0000000000050000","0.5234375","0.0081787109375","5","conflict_enriched","0.9609375","parity2","0.02"
"34","0.49609375","0.49609375","1","0x0000000000000000FFFFFFFFFFFFFFFFFFFFFFFFFFFFFFFF0000000000040000","0.50390625","0.008056640625","6","conflict_enriched","0.99609375","parity2","0.02"
"34","0.4921875","0.4921875","1","0x0000000000000000FFFFFFFFFFFFFFFFFFFF5FFFFFFFFFFF0000000000000000","0.5078125","0.0074462890625","7","conflict_enriched","0.9921875","parity2","0.02"
"34","0.47265625","0.48046875","1","0x0000000000000000FFFFFFFFFFFFFFFFFFFF17FFFFFF7FFF0000000000050000","0.51953125","0.006591796875","8","conflict_enriched","0.97265625","parity2","0.02"
"35","0.75","0.75","1","0xFFFFFFFFFFFFFFFF0000000000000000FFFFFFFF00000000FFFFFFFF00000000","0.25","0.9837646484375","1","conflict_enriched","1.0","mux3","0.02"
"35","0.74609375","0.75390625","1","0xFFFFFFFFFFFFFFFF0020000000000000FFFFFFFF00000000FFFFFFFF00000000","0.25390625","0.007568359375","2","conflict_enriched","0.99609375","mux3","0.02"
"35","0.75390625","0.74609375","1","0xFFFFFFFFFFFFFFFF0000000000000000FFFFFFFF00008000FFFFFFFF00000000","0.25390625","0.001708984375","3","conflict_enriched","0.99609375","mux3","0.02"
"35","0.7421875","0.7578125","1","0xFFFFFFFFFFFFFFFF2020000000000000FFFFFFFF00000000FFFFFFFF00000000","0.2578125","0.0013427734375","4","conflict_enriched","0.9921875","mux3","0.02"
"35","0.74609375","0.75390625","1","0xFFFFFFFFFFFFFFFF2000000000000000FFFFFFFF00000000FFFFFFFF00000000","0.25390625","0.0010986328125","5","conflict_enriched","0.99609375","mux3","0.02"
"35","0.7578125","0.7421875","1","0xFFFFFFFFFFFFFFFF0000000000000000FFFFFFFF00008800FFFFFFFF00000000","0.2578125","0.0008544921875","6","conflict_enriched","0.9921875","mux3","0.02"
"35","0.74609375","0.75390625","1","0xFFFFFFFFFFFFFFFF0002000000000000FFFFFFFF00000000FFFFFFFF00000000","0.25390625","0.000732421875","7","conflict_enriched","0.99609375","mux3","0.02"
"35","0.7421875","0.75","1","0xFFFFFFFFFFFFFFFF0020000000200000FFFFFFFF00000000FFFFFFFF00000000","0.25","0.0003662109375","8","conflict_enriched","0.9921875","mux3","0.02"
"36","0.5","0.5","2","0x0000000000000000FFFFFFFFFFFFFFFFFFFFFFFFFFFFFFFF0000000000000000","0.5","0.8941650390625","1","conflict_enriched","1.0","parity2","0.02"
"36","0.50390625","0.50390625","2","0x0000000000000000FFFFFFFFFFFFFFEFFFFFFFFFFFFFFFFF0000000000000000","0.50390625","0.0242919921875","2","conflict_enriched","0.99609375","parity2","0.02"
"36","0.49609375","0.49609375","2","0x0000000000000000FFFFFFFFFFFFFFFFFFFFFFFFFFFFFFFF0000000000000004","0.50390625","0.0157470703125","3","conflict_enriched","0.99609375","parity2","0.02"
"36","0.5078125","0.5078125","2","0x0000000000000000FFFFFFFFFFEFFFEFFFFFFFFFFFFFFFFF0000000000000000","0.5078125","0.0145263671875","4","conflict_enriched","0.9921875","parity2","0.02"
"36","0.49609375","0.49609375","2","0x0000000000000000FFFFFFFFFFFFFFFFFFFFFFFFFFFFFFFF0000000000000400","0.50390625","0.011962890625","5","conflict_enriched","0.99609375","parity2","0.02"
"36","0.4921875","0.4921875","2","0x0000000000000000FFFFFFFFFFFFFFFFFFFFFFFFFFFFFFFF0000000000000404","0.5078125","0.0107421875","6","conflict_enriched","0.9921875","parity2","0.02"
"36","0.50390625","0.50390625","2","0x0000000000000000FFFFFFFFFFEFFFFFFFFFFFFFFFFFFFFF0000000000000000","0.50390625","0.00732421875","7","conflict_enriched","0.99609375","parity2","0.02"
"36","0.49609375","0.49609375","2","0x0000000000000000FFFFFFFFFFFFFFFFDFFFFFFFFFFFFFFF0000000000000000","0.50390625","0.00341796875","8","conflict_enriched","0.99609375","parity2","0.02"
"37","0.75","0.75","2","0xFFFFFFFFFFFFFFFF0000000000000000FFFFFFFF00000000FFFFFFFF00000000","0.25","0.21875","1","conflict_enriched","1.0","mux3","0.02"
"37","0.75390625","0.74609375","2","0xFFFFFFFFFFFFFFFF0000000000000000FFFFFFFF00000000FFFFF7FF00000000","0.25390625","0.0926513671875","2","conflict_enriched","0.99609375","mux3","0.02"
"37","0.7578125","0.7421875","2","0xFFFFFFFFFFFFFFFF0000000000000000FFFFFFFF00000000F7FFF7FF00000000","0.2578125","0.06982421875","3","conflict_enriched","0.9921875","mux3","0.02"
"37","0.765625","0.734375","2","0xFFFFFFFFFFFFFFFF0000000000000000FFFFFFFF0000000077FF77FF00000000","0.265625","0.0679931640625","4","conflict_enriched","0.984375","mux3","0.02"
"37","0.76171875","0.73828125","2","0xFFFFFFFFFFFFFFFF0000000000000000FFFFFFFF00000000F7FF77FF00000000","0.26171875","0.0556640625","5","conflict_enriched","0.98828125","mux3","0.02"
"37","0.7578125","0.7421875","2","0xFFFFFFFFFFFFFFFF0000000000000000FFFFFFFF00000000FFFF77FF00000000","0.2578125","0.0426025390625","6","conflict_enriched","0.9921875","mux3","0.02"
"37","0.75","0.75","2","0xFFFFFFFFFFFFFFFF0010000000000000FFFFFFFF00000000FFFFF7FF00000000","0.2578125","0.0223388671875","7","conflict_enriched","0.9921875","mux3","0.02"
"37","0.7578125","0.7421875","2","0xFFFFFFFFFFFFFFFF0010000000000000FFFFFFFF00000000F7FF77FF00000000","0.265625","0.0206298828125","8","conflict_enriched","0.984375","mux3","0.02"
"38","0.5","0.5","3","0x0000000000000000FFFFFFFFFFFFFFFFFFFFFFFFFFFFFFFF0000000000000000","0.5","0.5108642578125","1","conflict_enriched","1.0","parity2","0.02"
"38","0.4921875","0.4921875","3","0x0000000000000000FFFFFFFFFFFFFFFFFFFFBBFFFFFFFFFF0000000000000000","0.5078125","0.0543212890625","2","conflict_enriched","0.9921875","parity2","0.02"
"38","0.49609375","0.49609375","3","0x0000000000000000FFFFFFFFFFFFFFFFFFFFFBFFFFFFFFFF0000000000000000","0.50390625","0.0518798828125","3","conflict_enriched","0.99609375","parity2","0.02"
"38","0.49609375","0.49609375","3","0x0000000000000000FFFFFFFFFFFFFFFFFFFFBFFFFFFFFFFF0000000000000000","0.50390625","0.03564453125","4","conflict_enriched","0.99609375","parity2","0.02"
"38","0.484375","0.484375","3","0x0000000000000000FFFFFFFFFFFFFFFFFFFF33FFFFFFFFFF0000000000000000","0.515625","0.0133056640625","5","conflict_enriched","0.984375","parity2","0.02"
"38","0.484375","0.484375","3","0x0000000000000000FFFFFFFFFFFFFFFFFFFFBBFFFFFFFFFF0000000000220000","0.515625","0.01318359375","6","conflict_enriched","0.984375","parity2","0.02"
"38","0.4921875","0.4921875","3","0x0000000000000000FFFFFFFFFFFFFFFFFFFFFBFBFFFFFFFF0000000000000000","0.5078125","0.0113525390625","7","conflict_enriched","0.9921875","parity2","0.02"
"38","0.48828125","0.48828125","3","0x0000000000000000FFFFFFFFFFFFFFFFFFFF3BFFFFFFFFFF0000000000000000","0.51171875","0.0091552734375","8","conflict_enriched","0.98828125","parity2","0.02"
"39","0.75","0.75","3","0xFFFFFFFFFFFFFFFF0000000000000000FFFFFFFF00000000FFFFFFFF00000000","0.25","0.6658935546875","1","conflict_enriched","1.0","mux3","0.02"
"39","0.75390625","0.74609375","3","0xFFFFFFFFFFFFFFFF0000000000000000FFFFFFFF00040000FFFFFFFF00000000","0.25390625","0.0863037109375","2","conflict_enriched","0.99609375","mux3","0.02"
"39","0.7578125","0.7421875","3","0xFFFFFFFFFFFFFFFF0000000000000000FFFFFFFF00050000FFFFFFFF00000000","0.2578125","0.084716796875","3","conflict_enriched","0.9921875","mux3","0.02"
"39","0.75390625","0.74609375","3","0xFFFFFFFFFFFFFFFF0000000000000000FFFFFFFF00010000FFFFFFFF00000000","0.25390625","0.0450439453125","4","conflict_enriched","0.99609375","mux3","0.02"
"39","0.75390625","0.73828125","3","0xFFFFFFFFFFFFFFFF0000000000000000FFFFDFFF00050000FFFFFFFF00000000","0.26171875","0.0142822265625","5","conflict_enriched","0.98828125","mux3","0.02"
"39","0.74609375","0.74609375","3","0xFFFFFFFFFFFFFFFF0000000000000000FFFFDFFF00000000FFFFFFFF00000000","0.25390625","0.01220703125","6","conflict_enriched","0.99609375","mux3","0.02"
"39","0.74609375","0.74609375","3","0xFFFFFFFFFFFFFFFF0000000000000000FFFFFFFF00000000FFFFFFFF00040000","0.25390625","0.0118408203125","7","conflict_enriched","0.99609375","mux3","0.02"
"39","0.75390625","0.73828125","3","0xFFFFFFFFFFFFFFFF0000000000000000FFFFFFFF00050000FFFFFFFF00040000","0.26171875","0.0084228515625","8","conflict_enriched","0.98828125","mux3","0.02"
"40","0.5","0.5","4","0x0000000000000000FFFFFFFFFFFFFFFFFFFFFFFFFFFFFFFF0000000000000000","0.5","0.35791015625","1","conflict_enriched","1.0","parity2","0.02"
"40","0.4921875","0.4921875","4","0x0000000000000000FFFFFFFFFFFFFFFFFFAFFFFFFFFFFFFF0000000000000000","0.5078125","0.078125","2","conflict_enriched","0.9921875","parity2","0.02"
"40","0.49609375","0.49609375","4","0x0000000000000000FFFFFFFFFFFFFFFFFFEFFFFFFFFFFFFF0000000000000000","0.50390625","0.0546875","3","conflict_enriched","0.99609375","parity2","0.02"
"40","0.49609375","0.49609375","4","0x0000000000000000FFFFFFFFFFFFFFFFFFBFFFFFFFFFFFFF0000000000000000","0.50390625","0.050048828125","4","conflict_enriched","0.99609375","parity2","0.02"
"40","0.484375","0.484375","4","0x0000000000000000FFFFFFFFFFFFFFFFFFAFFFAFFFFFFFFF0000000000000000","0.515625","0.03564453125","5","conflict_enriched","0.984375","parity2","0.02"
"40","0.48828125","0.48828125","4","0x0000000000000000FFFFFFFFFFFFFFFFFFAFFFFFFFFFFFFF0000000000000200","0.51171875","0.0224609375","6","conflict_enriched","0.98828125","parity2","0.02"
"40","0.48828125","0.48828125","4","0x0000000000000000FFFFFFFFFFFFFFFFFFAFFFBFFFFFFFFF0000000000000000","0.51171875","0.0179443359375","7","conflict_enriched","0.98828125","parity2","0.02"
"40","0.50390625","0.50390625","4","0x0000000000000000FFFFFFFFDFFFFFFFFFFFFFFFFFFFFFFF0000000000000000","0.50390625","0.01416015625","8","conflict_enriched","0.99609375","parity2","0.02"
"41","0.75","0.75","4","0xFFFFFFFFFFFFFFFF0000000000000000FFFFFFFF00000000FFFFFFFF00000000","0.25","0.8470458984375","1","conflict_enriched","1.0","mux3","0.02"
"41","0.75390625","0.74609375","4","0xFFFFFFFFFFFFFFFF0000000000000000FFFFFFFF00100000FFFFFFFF00000000","0.25390625","0.0286865234375","2","conflict_enriched","0.99609375","mux3","0.02"
"41","0.75390625","0.74609375","4","0xFFFFFFFFFFFFFFFF0000000000000000FFFFFFFF00000010FFFFFFFF00000000","0.25390625","0.02783203125","3","conflict_enriched","0.99609375","mux3","0.02"
"41","0.7578125","0.7421875","4","0xFFFFFFFFFFFFFFFF0000000000000000FFFFFFFF00100010FFFFFFFF00000000","0.2578125","0.0230712890625","4","conflict_enriched","0.9921875","mux3","0.02"
"41","0.7578125","0.7421875","4","0xFFFFFFFFFFFFFFFF0000000000000000FFFFFFFF10100000FFFFFFFF00000000","0.2578125","0.0145263671875","5","conflict_enriched","0.9921875","mux3","0.02"
"41","0.765625","0.734375","4","0xFFFFFFFFFFFFFFFF0000000000000000FFFFFFFF10101010FFFFFFFF00000000","0.265625","0.009033203125","6","conflict_enriched","0.984375","mux3","0.02"
"41","0.76171875","0.73828125","4","0xFFFFFFFFFFFFFFFF0000000000000000FFFFFFFF10100010FFFFFFFF00000000","0.26171875","0.0074462890625","7","conflict_enriched","0.98828125","mux3","0.02"
"41","0.75390625","0.74609375","4","0xFFFFFFFFFFFFFFFF0000000000000000FFFFFFFF10000000FFFFFFFF00000000","0.25390625","0.0064697265625","8","conflict_enriched","0.99609375","mux3","0.02"
"42","0.5","0.5","5","0x0000000000000000FFFFFFFFFFFFFFFFFFFFFFFFFFFFFFFF0000000000000000","0.5","0.7337646484375","1","conflict_enriched","1.0","parity2","0.02"
"42","0.4921875","0.4921875","5","0x0000000000000000FFFFFFFFFFFFFFFFFFFFFFFFFFFFFFFF0000000000001010","0.5078125","0.055908203125","2","conflict_enriched","0.9921875","parity2","0.02"
"42","0.49609375","0.49609375","5","0x0000000000000000FFFFFFFFFFFFFFFFFFFFFFFFFFFFFFFF0000000000000010","0.50390625","0.0408935546875","3","conflict_enriched","0.99609375","parity2","0.02"
"42","0.484375","0.484375","5","0x0000000000000000FFFFFFFFFFFFFFFFFFFFFFFFFFFFFFFF0000000000003030","0.515625","0.0264892578125","4","conflict_enriched","0.984375","parity2","0.02"
"42","0.49609375","0.49609375","5","0x0000000000000000FFFFFFFFFFFFFFFFFFFFFFFFFFFFFFFF0000000000001000","0.50390625","0.0206298828125","5","conflict_enriched","0.99609375","parity2","0.02"
"42","0.48828125","0.48828125","5","0x0000000000000000FFFFFFFFFFFFFFFFFFFFFFFFFFFFFFFF0000000000001030","0.51171875","0.01171875","6","conflict_enriched","0.98828125","parity2","0.02"
"42","0.50390625","0.50390625","5","0x0000000000000000FFFFFFFFF7FFFFFFFFFFFFFFFFFFFFFF0000000000000000","0.50390625","0.009521484375","7","conflict_enriched","0.99609375","parity2","0.02"
"42","0.4921875","0.4921875","5","0x0000000000000000FFFFFFFFFFFFFFFFFFFFFFFFFFFFFFFF0000000000000030","0.5078125","0.0089111328125","8","conflict_enriched","0.9921875","parity2","0.02"
"43","0.75","0.75","5","0xFFFFFFFFFFFFFFFF0000000000000000FFFFFFFF00000000FFFFFFFF00000000","0.25","0.9998779296875","1","conflict_enriched","1.0","mux3","0.02"
"43","0.75390625","0.74609375","5","0xFFFFFFFFFFFFFFFF0000000000000000FFFFFFFF00000000FFFFDFFF00000000","0.25390625","0.0001220703125","2","conflict_enriched","0.99609375","mux3","0.02"
"44","0.5","0.5","6","0x0000000000000000FFFFFFFFFFFFFFFFFFFFFFFFFFFFFFFF0000000000000000","0.5","0.459716796875","1","conflict_enriched","1.0","parity2","0.02"
"44","0.4921875","0.4921875","6","0x0000000000000000FFFFFFFFFFFFFFFFFFFFFFFFFFFFFFFF0000000000000101","0.5078125","0.1224365234375","2","conflict_enriched","0.9921875","parity2","0.02"
"44","0.49609375","0.49609375","6","0x0000000000000000FFFFFFFFFFFFFFFFFFFFFFFFFFFFFFFF0000000000000100","0.50390625","0.079833984375","3","conflict_enriched","0.99609375","parity2","0.02"
"44","0.49609375","0.49609375","6","0x0000000000000000FFFFFFFFFFFFFFFFFFFFFFFFFFFFFFFF0000000000000001","0.50390625","0.0399169921875","4","conflict_enriched","0.99609375","parity2","0.02"
"44","0.484375","0.484375","6","0x0000000000000000FFFFFFFFFFFFFFFFFFFFFFFFFFFFFFFF0000000001010101","0.515625","0.0299072265625","5","conflict_enriched","0.984375","parity2","0.02"
"44","0.4921875","0.4921875","6","0x0000000000000000FFFFFFFFFFFFFFFFFFFFFFFFFFFFFFFF0000000000001100","0.5078125","0.0228271484375","6","conflict_enriched","0.9921875","parity2","0.02"
"44","0.484375","0.484375","6","0x0000000000000000FFFFFFFFFFFFFFFFFFFFFFFFFFFFFFFF0000000000001111","0.515625","0.022705078125","7","conflict_enriched","0.984375","parity2","0.02"
"44","0.48828125","0.48828125","6","0x0000000000000000FFFFFFFFFFFFFFFFFFFFFFFFFFFFFFFF0000000001000101","0.51171875","0.01953125","8","conflict_enriched","0.98828125","parity2","0.02"
"45","0.75","0.75","6","0xFFFFFFFFFFFFFFFF0000000000000000FFFFFFFF00000000FFFFFFFF00000000","0.25","0.955078125","1","conflict_enriched","1.0","mux3","0.02"
"45","0.75390625","0.74609375","6","0xFFFFFFFFFFFFFFFF0000000000000000FFFFFFFF00010000FFFFFFFF00000000","0.25390625","0.0126953125","2","conflict_enriched","0.99609375","mux3","0.02"
"45","0.75390625","0.74609375","6","0xFFFFFFFFFFFFFFFF0000000000000000FFFFFFFF01000000FFFFFFFF00000000","0.25390625","0.0115966796875","3","conflict_enriched","0.99609375","mux3","0.02"
"45","0.7578125","0.7421875","6","0xFFFFFFFFFFFFFFFF0000000000000000FFFFFFFF01010000FFFFFFFF00000000","0.2578125","0.00927734375","4","conflict_enriched","0.9921875","mux3","0.02"
"45","0.74609375","0.74609375","6","0xFFFFFFFFFFFFFFFF0000000000000000FFFF7FFF00000000FFFFFFFF00000000","0.25390625","0.002685546875","5","conflict_enriched","0.99609375","mux3","0.02"
"45","0.7421875","0.7421875","6","0xFFFFFFFFFFFFFFFF0000000000000000FFFF7F7F00000000FFFFFFFF00000000","0.2578125","0.0008544921875","6","conflict_enriched","0.9921875","mux3","0.02"
"45","0.75","0.7421875","6","0xFFFFFFFFFFFFFFFF0000000000000000FFFF7FFF00010000FFFFFFFF00000000","0.2578125","0.000732421875","7","conflict_enriched","0.9921875","mux3","0.02"
"45","0.74609375","0.74609375","6","0xFFFFFFFFFFFFFFFF0000000000000000FFFFFFFF00000000FFFFFFFF00010000","0.25390625","0.0006103515625","8","conflict_enriched","0.99609375","mux3","0.02"
"46","0.5","0.5","7","0x0000000000000000FFFFFFFFFFFFFFFFFFFFFFFFFFFFFFFF0000000000000000","0.5","0.3450927734375","1","conflict_enriched","1.0","parity2","0.02"
"46","0.49609375","0.49609375","7","0x0000000000000000FFFFFFFFFFFFFFFFFFFFEFFFFFFFFFFF0000000000000000","0.50390625","0.0301513671875","2","conflict_enriched","0.99609375","parity2","0.02"
"46","0.48828125","0.48828125","7","0x0000000000000000FFFFFFFFFFFFFFFFFFFFFFFFFFFFFFFF00000000002A0000","0.51171875","0.02294921875","3","conflict_enriched","0.98828125","parity2","0.02"
"46","0.49609375","0.49609375","7","0x0000000000000000FFFFFFFFFFFFFFFFFFFFFFFFFFFFFFFF0000000000080000","0.50390625","0.01904296875","4","conflict_enriched","0.99609375","parity2","0.02"
"46","0.4921875","0.4921875","7","0x0000000000000000FFFFFFFFFFFFFFFFFFFFFFFFFFFFFFFF00000000000A0000","0.5078125","0.0157470703125","5","conflict_enriched","0.9921875","parity2","0.02"
"46","0.49609375","0.49609375","7","0x0000000000000000FFFFFFFFFFFFFFFFFFFFFFFFFFFFFFFF0000000000200000","0.50390625","0.015625","6","conflict_enriched","0.99609375","parity2","0.02"
"46","0.484375","0.484375","7","0x0000000000000000FFFFFFFFFFFFFFFFFFFFFFFFFFFFFFFF0000000000AA0000","0.515625","0.0126953125","7","conflict_enriched","0.984375","parity2","0.02"
"46","0.4921875","0.4921875","7","0x0000000000000000FFFFFFFFFFFFFFFFFFFFFFFFFFFFFFFF0000000000220000","0.5078125","0.0125732421875","8","conflict_enriched","0.9921875","parity2","0.02"
"47","0.75","0.75","7","0xFFFFFFFFFFFFFFFF0000000000000000FFFFFFFF00000000FFFFFFFF00000000","0.25","0.7615966796875","1","conflict_enriched","1.0","mux3","0.02"
"47","0.74609375","0.75390625","7","0xFFFFFFFFFFFFFFFF0000010000000000FFFFFFFF00000000FFFFFFFF00000000","0.25390625","0.0843505859375","2","conflict_enriched","0.99609375","mux3","0.02"
"47","0.7421875","0.7578125","7","0xFFFFFFFFFFFFFFFF0000050000000000FFFFFFFF00000000FFFFFFFF00000000","0.2578125","0.029296875","3","conflict_enriched","0.9921875","mux3","0.02"
"47","0.75390625","0.74609375","7","0xFFFFFFFFFFFFFFFF0000000000000000FFFFFFFF00000001FFFFFFFF00000000","0.25390625","0.0224609375","4","conflict_enriched","0.99609375","mux3","0.02"
"47","0.7421875","0.7578125","7","0xFFFFFFFFFFFFFFFF0100010000000000FFFFFFFF00000000FFFFFFFF00000000","0.2578125","0.015869140625","5","conflict_enriched","0.9921875","mux3","0.02"
"47","0.74609375","0.75390625","7","0xFFFFFFFFFFFFFFFF0000040000000000FFFFFFFF00000000FFFFFFFF00000000","0.25390625","0.0074462890625","6","conflict_enriched","0.99609375","mux3","0.02"
"47","0.73828125","0.76171875","7","0xFFFFFFFFFFFFFFFF0100050000000000FFFFFFFF00000000FFFFFFFF00000000","0.26171875","0.0072021484375","7","conflict_enriched","0.98828125","mux3","0.02"
"47","0.75","0.75","7","0xFFFFFFFFFFFFFFFF0000010000000000FFFFFFFF00000001FFFFFFFF00000000","0.2578125","0.005859375","8","conflict_enriched","0.9921875","mux3","0.02"
