record_type,task_name,difficulty_label,difficulty_order,train_count,stage,split_count,source_count,split_seeds,mean_probe_bit_accuracy,mean_probe_bit_accuracy_std,mean_probe_exact_accuracy,mean_probe_exact_accuracy_std,majority_vote_bit_accuracy,majority_vote_bit_accuracy_std,majority_vote_exact_accuracy,majority_vote_exact_accuracy_std,direct_pairwise_agreement,direct_pairwise_agreement_std,majority_fraction_agreement,majority_fraction_agreement_std,unanimously_same_prediction_bit_fraction,unanimously_same_prediction_bit_fraction_std,mean_prediction_entropy_bits,mean_prediction_entropy_bits_std,mean_pairwise_prediction_bit_hamming_distance,mean_pairwise_prediction_bit_hamming_distance_std,mean_pairwise_error_phi_correlation,mean_pairwise_error_phi_correlation_std,mean_pairwise_joint_error_lift,mean_pairwise_joint_error_lift_std,mean_pairwise_error_jaccard,mean_pairwise_error_jaccard_std,prediction_one_rate,prediction_one_rate_std,mean_train_steps,mean_train_steps_std,mean_train_fit_step,mean_train_fit_step_std,pilot_steps,pilot_steps_std,model_count,model_count_std,probe_count,probe_count_std
aggregated_summary,random_bits,fixed random,0.0,100,plateau,1,1,[],0.4994583333333334,,0.0,,0.49959333333333333,,0.0,,0.8627834736842105,,0.906117,,0.5574133333333333,,0.2908841155293907,,0.13721652631578948,,0.7255681469305084,,1.7239999768355077,,0.7589138909113312,,0.514059,,3100.0,,100.0,,3100.0,,20.0,,5000.0,
aggregated_summary,random_bits,fixed random,0.0,200,plateau,1,1,[],0.4992203333333333,,0.0,,0.4996333333333334,,0.0,,0.8198005263157894,,0.876015,,0.43312666666666666,,0.3801552152480637,,0.1801994736842105,,0.6396016615392548,,1.6376084043087,,0.6950351878836631,,0.49702033333333334,,3100.0,,100.0,,3100.0,,20.0,,5000.0,
aggregated_summary,random_bits,fixed random,0.0,300,plateau,1,1,[],0.4989776666666666,,0.0,,0.4992066666666667,,0.0,,0.8020198947368421,,0.8633416666666667,,0.38534,,0.4165649623973938,,0.19798010526315787,,0.6040399886922293,,1.601576246369991,,0.6700424126370927,,0.5066103333333334,,3100.0,,100.0,,3100.0,,20.0,,5000.0,
aggregated_summary,random_bits,fixed random,0.0,400,plateau,1,1,[],0.49995666666666666,,0.0,,0.4996733333333333,,0.0,,0.790110105263158,,0.8548253333333332,,0.35298666666666667,,0.44101026504476953,,0.2098898947368421,,0.5802216305041548,,1.5801230966658577,,0.6530722800047378,,0.5062553333333333,,3100.0,,100.0,,3100.0,,20.0,,5000.0,
aggregated_summary,random_bits,fixed random,0.0,600,plateau,1,1,[],0.49891566666666665,,0.0,,0.4981066666666667,,0.0,,0.7381725263157894,,0.8175223333333334,,0.22031333333333333,,0.5466083889583265,,0.2618274736842105,,0.4763439265238411,,1.4742939990431458,,0.5860123613929172,,0.5034483333333334,,3100.0,,115.0,,3100.0,,20.0,,5000.0,
aggregated_summary,random_bits,fixed random,0.0,800,plateau,1,1,[],0.4994949999999999,,0.0,,0.4996466666666667,,0.0,,0.7165329473684213,,0.8011563333333334,,0.17631333333333332,,0.5889280112355422,,0.28346705263157895,,0.43306763307128715,,1.432162355134689,,0.5589256622965534,,0.49777366666666667,,3800.0,,100.0,,3800.0,,20.0,,5000.0,
aggregated_summary,random_bits,fixed random,0.0,1000,plateau,1,1,[],0.500373,,0.0,,0.5006666666666666,,0.0,,0.7039744912280702,,0.7916003333333334,,0.15301333333333333,,0.6132494224400183,,0.2960255087719298,,0.4079506249731264,,1.4085568056434403,,0.543092657357435,,0.5017363333333333,,3100.0,,105.0,,3100.0,,20.0,,5000.0,
aggregated_summary,random_bits,fixed random,0.0,1200,plateau,1,1,[],0.500093,,0.0,,0.5002933333333333,,0.0,,0.7029347719298247,,0.7903896666666667,,0.1548,,0.6146749910527192,,0.29706522807017544,,0.40587071239440664,,1.4060210566896343,,0.5418839644504413,,0.5001336666666667,,3200.0,,200.0,,3200.0,,20.0,,5000.0,
aggregated_summary,random_bits,fixed random,0.0,1500,plateau,1,1,[],0.500462,,0.0,,0.5010333333333333,,0.0,,0.6905115087719298,,0.7807040000000001,,0.13355333333333333,,0.6383893267340163,,0.30948849122807015,,0.3810241842740332,,1.3817292225735514,,0.5269892669455734,,0.5024993333333333,,3200.0,,200.0,,3200.0,,20.0,,5000.0,
aggregated_summary,random_bits,fixed random,0.0,1800,plateau,1,1,[],0.5000453333333332,,0.0,,0.5004866666666667,,0.0,,0.6657539649122806,,0.761196,,0.09344,,0.6853330373868683,,0.33424603508771933,,0.3315089450101134,,1.3315813809735009,,0.4990547104945166,,0.5005273333333333,,3200.0,,200.0,,3200.0,,20.0,,5000.0,
aggregated_summary,random_bits,fixed random,0.0,2200,plateau,1,1,[],0.4998380000000001,,0.0,,0.49972000000000005,,0.0,,0.6399785964912281,,0.7400246666666667,,0.059546666666666664,,0.7329176029255134,,0.36002140350877193,,0.27995848372298576,,1.2797751833049344,,0.4707062397265676,,0.501502,,3200.0,,275.0,,3200.0,,20.0,,5000.0,
aggregated_summary,random_bits,fixed random,0.0,3000,plateau,1,1,[],0.4990023333333333,,0.0,,0.4980933333333334,,0.0,,0.626040947368421,,0.7279903333333334,,0.04561333333333333,,0.7579047841215054,,0.37395905263157897,,0.25208136010825166,,1.2510860417903749,,0.45644104063779606,,0.499363,,3300.0,,310.0,,3300.0,,20.0,,5000.0,
aggregated_summary,random_bits,fixed random,0.0,4500,plateau,1,1,[],0.4997396666666666,,0.0,,0.5008533333333334,,0.0,,0.6074836140350877,,0.7117516666666667,,0.0293,,0.7907687602614121,,0.3925163859649123,,0.21496819249910604,,1.2147433923854354,,0.43646076164513076,,0.5021856666666666,,3600.0,,565.0,,3600.0,,20.0,,5000.0,
aggregated_summary,random_bits,fixed random,0.0,6000,plateau,1,1,[],0.49967999999999996,,0.0,,0.5021266666666666,,0.0,,0.5966696842105262,,0.7018119999999999,,0.0215,,0.8094697020298622,,0.4033303157894737,,0.19333955769757444,,1.1930915339133383,,0.4254451499217825,,0.500176,,4000.0,,1145.0,,4000.0,,20.0,,5000.0,
aggregated_summary,rule30_layer1,rule30 layer1,1.0,100,plateau,1,1,[],0.6809636666666666,,3.0000000000000004e-05,,0.6880200000000001,,0.0,,0.8974541403508771,,0.9300756666666665,,0.6643466666666666,,0.2179903482085274,,0.10254585964912281,,0.7639997059288292,,2.6307313928834906,,0.7230858556698297,,0.489007,,10100.0,,100.0,,10100.0,,20.0,,5000.0,
aggregated_summary,rule30_layer1,rule30 layer1,1.0,200,plateau,1,1,[],0.7214920000000001,,0.00013000000000000002,,0.7438933333333333,,0.0002,,0.8475009122807017,,0.8965806666666669,,0.49401333333333336,,0.3252417232048923,,0.15249908771929824,,0.621066102483289,,2.6116524208346625,,0.5707058623520976,,0.48513466666666666,,10100.0,,100.0,,10100.0,,20.0,,5000.0,
aggregated_summary,rule30_layer1,rule30 layer1,1.0,300,plateau,1,1,[],0.7655803333333334,,0.00066,,0.78632,,0.0012,,0.8635707719298247,,0.9075836666666666,,0.5430933333333333,,0.2914553445171304,,0.13642922807017546,,0.6199911353878084,,3.025331677518762,,0.5492612868524696,,0.492411,,10100.0,,100.0,,10100.0,,20.0,,5000.0,
aggregated_summary,rule30_layer1,rule30 layer1,1.0,400,plateau,1,1,[],0.8142613333333333,,0.00416,,0.8392533333333333,,0.0114,,0.8667640701754386,,0.9097919999999999,,0.55184,,0.2848813690616417,,0.13323592982456137,,0.5596843848952191,,3.4549841302813835,,0.47223144398365335,,0.4988606666666667,,10100.0,,100.0,,10100.0,,20.0,,5000.0,
aggregated_summary,rule30_layer1,rule30 layer1,1.0,600,plateau,1,1,[],0.9280606666666668,,0.12749,,0.96644,,0.3946,,0.9071357894736841,,0.9399219999999999,,0.63738,,0.20523656086976313,,0.09286421052631579,,0.3063041371633187,,5.000841015822775,,0.21561880594492133,,0.5031993333333333,,10100.0,,100.0,,10100.0,,20.0,,5000.0,
aggregated_summary,rule30_layer1,rule30 layer1,1.0,800,plateau,1,1,[],0.9954569999999998,,0.8743500000000001,,0.9999333333333333,,0.998,,0.991438,,0.9954689999999998,,0.9362,,0.022474087931011345,,0.008561999999999998,,0.05318336478841469,,12.936130670964634,,0.029139932182057817,,0.5011263333333333,,10100.0,,100.0,,10100.0,,20.0,,5000.0,
aggregated_summary,rule30_layer1,rule30 layer1,1.0,1000,plateau,1,1,[],0.9999823333333333,,0.99947,,1.0,,1.0,,0.9999647368421052,,0.9999823333333334,,0.9996533333333333,,0.00010050160271002033,,3.526315789473684e-05,,0.0010592234125425789,,20.83333333333333,,0.00033967391304347825,,0.5011256666666667,,1600.0,,100.0,,1600.0,,20.0,,5000.0,
aggregated_summary,rule30_layer1,rule30 layer1,1.0,1200,plateau,1,1,[],0.9999990000000001,,0.99997,,1.0,,1.0,,0.9999979999999999,,0.9999989999999999,,0.99998,,5.727939142319126e-06,,2e-06,,-6.6667111114074095e-06,,0.0,,0.0,,0.5002263333333333,,1100.0,,100.0,,1100.0,,20.0,,5000.0,
aggregated_summary,rule30_layer1,rule30 layer1,1.0,1500,plateau,1,1,[],1.0,,1.0,,1.0,,1.0,,1.0,,1.0,,1.0,,0.0,,0.0,,,,,,,,0.4999,,1100.0,,100.0,,1100.0,,20.0,,5000.0,
aggregated_summary,rule30_layer1,rule30 layer1,1.0,1800,plateau,1,1,[],1.0,,1.0,,1.0,,1.0,,1.0,,1.0,,1.0,,0.0,,0.0,,,,,,,,0.49995333333333336,,1100.0,,100.0,,1100.0,,20.0,,5000.0,
aggregated_summary,rule30_layer1,rule30 layer1,1.0,2200,plateau,1,1,[],1.0,,1.0,,1.0,,1.0,,1.0,,1.0,,1.0,,0.0,,0.0,,,,,,,,0.5005466666666667,,1100.0,,100.0,,1100.0,,20.0,,5000.0,
aggregated_summary,rule30_layer1,rule30 layer1,1.0,3000,plateau,1,1,[],1.0,,1.0,,1.0,,1.0,,1.0,,1.0,,1.0,,0.0,,0.0,,,,,,,,0.5002066666666667,,1100.0,,100.0,,1100.0,,20.0,,5000.0,
aggregated_summary,rule30_layer1,rule30 layer1,1.0,4500,plateau,1,1,[],1.0,,1.0,,1.0,,1.0,,1.0,,1.0,,1.0,,0.0,,0.0,,,,,,,,0.50132,,1100.0,,100.0,,1100.0,,20.0,,5000.0,
aggregated_summary,rule30_layer1,rule30 layer1,1.0,6000,plateau,1,1,[],1.0,,1.0,,1.0,,1.0,,1.0,,1.0,,1.0,,0.0,,0.0,,,,,,,,0.50242,,1100.0,,100.0,,1100.0,,20.0,,5000.0,
aggregated_summary,rule30_layer2,rule30 layer2,2.0,100,plateau,1,1,[],0.5478806666666667,,0.0,,0.5503533333333334,,0.0,,0.867337543859649,,0.9092880000000001,,0.57134,,0.2813542618501709,,0.13266245614035088,,0.7322210774844614,,1.8873121847695284,,0.7441220253406677,,0.49728666666666665,,10100.0,,100.0,,10100.0,,20.0,,5000.0,
aggregated_summary,rule30_layer2,rule30 layer2,2.0,200,plateau,1,1,[],0.5589966666666667,,0.0,,0.5671266666666667,,0.0,,0.7880804210526315,,0.8539726666666666,,0.33808,,0.44647411309629215,,0.2119195789473684,,0.5702300379273475,,1.7231571071396061,,0.613063556230405,,0.5024986666666666,,10100.0,,100.0,,10100.0,,20.0,,5000.0,
aggregated_summary,rule30_layer2,rule30 layer2,2.0,300,plateau,1,1,[],0.570634,,0.0,,0.5820866666666666,,0.0,,0.770816701754386,,0.8413280000000001,,0.2979266666666667,,0.48102003638951935,,0.22918329824561404,,0.5323307499775511,,1.7076644341612814,,0.5788746315201883,,0.5017873333333334,,10100.0,,100.0,,10100.0,,20.0,,5000.0,
aggregated_summary,rule30_layer2,rule30 layer2,2.0,400,plateau,1,1,[],0.5844526666666665,,0.0,,0.5968266666666666,,0.0,,0.770734596491228,,0.8411486666666665,,0.30078,,0.480747846356943,,0.22926540350877192,,0.5280092966833193,,1.7426505367888532,,0.5676384429439723,,0.503978,,10100.0,,100.0,,10100.0,,20.0,,5000.0,
aggregated_summary,rule30_layer2,rule30 layer2,2.0,600,plateau,1,1,[],0.6018706666666667,,1e-05,,0.6226733333333334,,0.0,,0.7380145263157895,,0.8172266666666667,,0.22145333333333334,,0.5466463152955623,,0.26198547368421055,,0.45338877009092476,,1.6856844358616483,,0.5050254969091771,,0.500498,,10100.0,,100.0,,10100.0,,20.0,,5000.0,
aggregated_summary,rule30_layer2,rule30 layer2,2.0,800,plateau,1,1,[],0.6231196666666666,,0.0,,0.64774,,0.0,,0.7398906315789473,,0.818557,,0.22721333333333332,,0.5427342051015442,,0.26010936842105264,,0.44627378193725414,,1.7382123192375274,,0.4870825393651227,,0.499333,,10100.0,,100.0,,10100.0,,20.0,,5000.0,
aggregated_summary,rule30_layer2,rule30 layer2,2.0,1000,plateau,1,1,[],0.6420183333333334,,1e-05,,0.6730266666666667,,0.0,,0.7383269824561404,,0.8172883333333333,,0.22451333333333334,,0.5456870467469825,,0.2616730175438597,,0.4307424258207952,,1.7725797143476765,,0.46471555157894695,,0.499517,,10100.0,,100.0,,10100.0,,20.0,,5000.0,
aggregated_summary,rule30_layer2,rule30 layer2,2.0,1200,plateau,1,1,[],0.6657176666666667,,2e-05,,0.7083999999999999,,0.0,,0.7238133684210526,,0.8065596666666668,,0.19206666666666666,,0.5745709536338885,,0.27618663157894735,,0.37954470991657396,,1.756172368807994,,0.4153699728235414,,0.495915,,10100.0,,195.0,,10100.0,,20.0,,5000.0,
aggregated_summary,rule30_layer2,rule30 layer2,2.0,1500,plateau,1,1,[],0.717835,,0.00011,,0.7713866666666667,,0.0004,,0.7419328070175439,,0.8203103333333334,,0.2283,,0.5391747402436785,,0.2580671929824561,,0.36311339694733386,,1.9244136193338028,,0.3723316404651554,,0.4940716666666667,,10100.0,,175.0,,10100.0,,20.0,,5000.0,
aggregated_summary,rule30_layer2,rule30 layer2,2.0,1800,plateau,1,1,[],0.8043643333333332,,0.0022099999999999997,,0.8759,,0.0256,,0.780006350877193,,0.849815,,0.29708666666666667,,0.46592140611633104,,0.219993649122807,,0.30123622090552415,,2.2406413691426756,,0.2799878781267692,,0.493925,,10200.0,,200.0,,10200.0,,20.0,,5000.0,
aggregated_summary,rule30_layer2,rule30 layer2,2.0,2200,plateau,1,1,[],0.938491,,0.16304000000000002,,0.98658,,0.6696,,0.9052182105263157,,0.9416263333333335,,0.5813933333333333,,0.21614803700867108,,0.09478178947368421,,0.17963150779277498,,3.7821171481899873,,0.12877575722043835,,0.498273,,12100.0,,200.0,,12100.0,,20.0,,5000.0,
aggregated_summary,rule30_layer2,rule30 layer2,2.0,3000,plateau,1,1,[],0.9991139999999998,,0.9737899999999999,,1.0,,1.0,,0.9982461754385964,,0.9991140000000003,,0.9837333333333333,,0.004913461210205054,,0.0017538245614035087,,0.009378395323279541,,12.108748487082417,,0.005034405954390079,,0.5005513333333333,,10200.0,,200.0,,10200.0,,20.0,,5000.0,
aggregated_summary,rule30_layer2,rule30 layer2,2.0,4500,plateau,1,1,[],0.9999986666666667,,0.9999600000000001,,1.0,,1.0,,0.9999973333333333,,0.9999986666666666,,0.9999733333333334,,7.637252189758834e-06,,2.666666666666667e-06,,-8.507693502282463e-06,,0.0,,0.0,,0.49950733333333336,,1200.0,,200.0,,1200.0,,20.0,,5000.0,
aggregated_summary,rule30_layer2,rule30 layer2,2.0,6000,plateau,1,1,[],0.9999993333333335,,0.9999800000000001,,1.0,,1.0,,0.9999986666666667,,0.9999993333333332,,0.9999866666666667,,3.818626094879417e-06,,1.333333333333333e-06,,,,,,0.0,,0.49832666666666664,,1200.0,,200.0,,1200.0,,20.0,,5000.0,
aggregated_summary,rule30_layer3,rule30 layer3,3.0,100,plateau,1,1,[],0.5499573333333333,,0.0,,0.5521400000000001,,0.0,,0.8731654035087717,,0.9133893333333335,,0.5895066666666666,,0.26911592622506064,,0.12683459649122808,,0.743775443726612,,1.908905586798736,,0.7529859752160294,,0.5141993333333333,,10100.0,,100.0,,10100.0,,20.0,,5000.0,
aggregated_summary,rule30_layer3,rule30 layer3,3.0,200,plateau,1,1,[],0.5585026666666667,,0.0,,0.5655600000000001,,0.0,,0.7942092631578945,,0.8586353333333333,,0.35264666666666666,,0.434265000266519,,0.20579073684210525,,0.5827515941911089,,1.7375208471472787,,0.6224935210600624,,0.5063253333333333,,10100.0,,100.0,,10100.0,,20.0,,5000.0,
aggregated_summary,rule30_layer3,rule30 layer3,3.0,300,plateau,1,1,[],0.5682553333333333,,0.0,,0.5772666666666666,,0.0,,0.7811198596491229,,0.8485240000000001,,0.3273333333333333,,0.4596186191330952,,0.2188801403508772,,0.5539334413143996,,1.7291079246530676,,0.5955860820927933,,0.5086426666666667,,10100.0,,100.0,,10100.0,,20.0,,5000.0,
aggregated_summary,rule30_layer3,rule30 layer3,3.0,400,plateau,1,1,[],0.5766823333333334,,0.0,,0.5886333333333333,,0.0,,0.7715163157894737,,0.841663,,0.30193333333333333,,0.4793074730499533,,0.22848368421052628,,0.5320377379401707,,1.7248620730818827,,0.5750584810215605,,0.501667,,10100.0,,100.0,,10100.0,,20.0,,5000.0,
aggregated_summary,rule30_layer3,rule30 layer3,3.0,600,plateau,1,1,[],0.5884773333333334,,0.0,,0.60798,,0.0,,0.7402811228070175,,0.8187606666666667,,0.22948,,0.5417811382610482,,0.2597188771929825,,0.46378491500547653,,1.6632624019489586,,0.5202970070173099,,0.5027766666666666,,10100.0,,105.0,,10100.0,,20.0,,5000.0,
aggregated_summary,rule30_layer3,rule30 layer3,3.0,800,plateau,1,1,[],0.601409,,0.0,,0.6251333333333333,,0.0,,0.7358382105263158,,0.8156096666666667,,0.21633333333333332,,0.5510120577206548,,0.26416178947368424,,0.44906465306817506,,1.6778590469103871,,0.5024124814217988,,0.5032996666666667,,10100.0,,100.0,,10100.0,,20.0,,5000.0,
aggregated_summary,rule30_layer3,rule30 layer3,3.0,1000,plateau,1,1,[],0.6122846666666667,,0.0,,0.6393266666666666,,0.0,,0.7317887017543859,,0.8126840000000001,,0.20813333333333334,,0.5589968303598132,,0.268211298245614,,0.43509678139003194,,1.6871489964495912,,0.4860329836243078,,0.50442,,10100.0,,100.0,,10100.0,,20.0,,5000.0,
aggregated_summary,rule30_layer3,rule30 layer3,3.0,1200,plateau,1,1,[],0.619242,,0.0,,0.6528733333333334,,0.0,,0.716719298245614,,0.8013386666666666,,0.17619333333333334,,0.5887177025135714,,0.28328070175438597,,0.39931357276477913,,1.6496220475681522,,0.45781447131257397,,0.500494,,10200.0,,195.0,,10200.0,,20.0,,5000.0,
aggregated_summary,rule30_layer3,rule30 layer3,3.0,1500,plateau,1,1,[],0.6349783333333334,,0.0,,0.6731,,0.0,,0.7199159649122807,,0.8038516666666666,,0.18264666666666668,,0.5824645168691334,,0.2800840350877193,,0.3958165399142132,,1.6886176518713396,,0.44546354122701987,,0.5024716666666666,,10200.0,,200.0,,10200.0,,20.0,,5000.0,
aggregated_summary,rule30_layer3,rule30 layer3,3.0,1800,plateau,1,1,[],0.651865,,0.0,,0.69462,,0.0,,0.7217860701754387,,0.8056023333333334,,0.18213333333333334,,0.5794737624770605,,0.2782139298245614,,0.38705128744914796,,1.724828913639272,,0.42901434386608117,,0.5040183333333333,,10200.0,,200.0,,10200.0,,20.0,,5000.0,
aggregated_summary,rule30_layer3,rule30 layer3,3.0,2200,plateau,1,1,[],0.6753886666666667,,3.0000000000000004e-05,,0.72492,,0.0,,0.7279468070175438,,0.8106906666666667,,0.19016,,0.568070850296199,,0.2720531929824561,,0.3795613100288294,,1.7897563706340305,,0.4094109833049698,,0.5018913333333334,,10200.0,,200.0,,10200.0,,20.0,,5000.0,
aggregated_summary,rule30_layer3,rule30 layer3,3.0,3000,plateau,1,1,[],0.731468,,0.0001,,0.7880199999999999,,0.0004,,0.7574577543859649,,0.833424,,0.24179333333333333,,0.5114199289702117,,0.2425422456140351,,0.38270259800704876,,2.0429458644791625,,0.37777094701459,,0.500378,,10200.0,,215.0,,10200.0,,20.0,,5000.0,
aggregated_summary,rule30_layer3,rule30 layer3,3.0,4500,plateau,1,1,[],0.8535133333333335,,0.00966,,0.90418,,0.0528,,0.8409281403508772,,0.8939546666666668,,0.44116666666666665,,0.34347094512358467,,0.1590718596491228,,0.36397655354047687,,3.1221774794714094,,0.2962065345114211,,0.49710866666666664,,12000.0,,330.0,,12000.0,,20.0,,5000.0,
aggregated_summary,rule30_layer3,rule30 layer3,3.0,6000,plateau,1,1,[],0.9587183333333333,,0.30671,,0.9829133333333333,,0.6448,,0.9440721052631578,,0.9645136666666666,,0.7617266666666667,,0.1259632241985324,,0.05592789473684211,,0.29361639861399935,,7.832803476890617,,0.1922512405858807,,0.49884833333333334,,14200.0,,480.0,,14200.0,,20.0,,5000.0,
