depth_mid,easy,fraction_replicas_rate_positive,hard,ratio_growth_rate_max,ratio_growth_rate_median,ratio_growth_rate_min,threshold_high,threshold_low
0.4166749439387326,parity2,0.0,mux3,-470.06941273574796,-471.6666336315744,-472.9332691066971,0.7,0.62084430570201
0.5366749439387303,parity2,0.0,mux3,-223.83212376458863,-243.1043850544797,-246.73448535618567,0.62084430570201,0.55063950274659
0.6566749439387318,parity2,0.0,mux3,-83.95733932877586,-99.37215590111964,-142.90401917848016,0.55063950274659,0.48837342824972
0.7766749439387325,parity2,0.625,mux3,5.72817921217678,4.562982840201137,-12.52863486403073,0.48837342824972,0.4331483742643
0.8966749439387288,parity2,1.0,mux3,74.10278878477978,70.9702199704665,66.84985184291465,0.4331483742643,0.38416814526582
1.0166749439387306,parity2,1.0,mux3,45.04358272376245,42.12967232587265,40.82158178074896,0.38416814526582,0.34072657917198
1.1366749439387256,parity2,1.0,mux3,29.53017486216346,28.606889407407586,27.12229296318201,0.34072657917198,0.30219736640036
1.2566749439387224,parity2,1.0,mux3,20.634681812943086,19.859798411034646,19.11329500253551,0.30219736640036,0.26802502018258
1.376674943938724,parity2,1.0,mux3,15.78273251558447,14.881936644167627,13.421597702025036,0.26802502018258,0.23771686795146
1.4966749439387304,parity2,1.0,mux3,12.55665277474286,11.300880577791709,10.60867240045419,0.23771686795146,0.21083594833854
1.6166749439387231,parity2,1.0,mux3,10.75715874628387,9.782887052475576,8.283322631607229,0.21083594833854,0.1869947113761
1.7366749439387053,parity2,1.0,mux3,7.665361389298873,7.450874379821429,6.687165958414883,0.1869947113761,0.16584943107749
1.856674943938702,parity2,1.0,mux3,6.930379400438542,6.264915054088898,5.392276084084948,0.16584943107749,0.14709524984054
1.9766749439387048,parity2,1.0,mux3,6.591395375302989,5.342294639595573,4.546965714214137,0.14709524984054,0.13046178322759
2.0966749439387233,parity2,1.0,mux3,5.207287412518927,4.249334546102972,2.801847804842157,0.13046178322759,0.11570922175511
2.216674943938711,parity2,1.0,mux3,4.655639054074507,3.4274661800564745,2.5312242491359163,0.11570922175511,0.10262487349125
2.3366749439386982,parity2,1.0,mux3,3.904382619113326,2.7898732449394683,1.9331105493175282,0.10262487349125,0.0910200976149
2.4566749439387454,parity2,0.875,mux3,2.370877753869251,1.0845179666653917,-0.3420318080839952,0.0910200976149,0.08072758472664
2.576674943938729,parity2,0.875,mux3,1.6330350073947233,1.0195266431963006,-0.03203306729965346,0.08072758472664,0.07159894470088
2.6966749439386963,parity2,0.75,mux3,1.0863503221881206,0.5160454843307115,-0.5943441898426967,0.07159894470088,0.06350256730259
2.8166749439387466,parity2,0.375,mux3,0.5241455387492885,-0.4215204085897514,-1.8577425824075962,0.06350256730259,0.05632172472467
2.9366749439387587,parity2,0.125,mux3,0.7512133775854929,-0.839624426773204,-2.1589678879278766,0.05632172472467,0.04995288868947
3.056674943938718,parity2,0.0,mux3,-0.3156271662306712,-1.9595112607129428,-2.4518854575355733,0.04995288868947,0.04430423785175
3.1766749439387616,parity2,0.0,mux3,-0.8154588561250362,-2.3322356741897177,-3.253099887741845,0.04430423785175,0.03929433398389
3.2966749439388465,parity2,0.0,mux3,-1.976887892297655,-3.190447701012763,-4.0151342401661125,0.03929433398389,0.0348509478575
3.4166749439388817,parity2,0.0,mux3,-2.204905411413456,-3.0657768657967823,-4.425347581039328,0.0348509478575,0.03091001789378
3.5366749439388308,parity2,0.0,mux3,-3.323866788758516,-4.038596080707676,-4.617348690684908,0.03091001789378,0.02741472656929
3.656674943938688,parity2,0.0,mux3,-3.4182619758892123,-4.610661245439877,-5.980895978949107,0.02741472656929,0.02431468126132
3.776674943938572,parity2,0.0,mux3,-3.4101823415295436,-5.098050120550853,-5.690122726982037,0.02431468126132,0.02156518772293
3.896674943938759,parity2,0.0,mux3,-3.6231530169153627,-4.550380585888622,-5.967672665751419,0.02156518772293,0.0191266057131
4.016674943938969,parity2,0.0,mux3,-4.770238673958876,-5.233823022882483,-6.25863140031653,0.0191266057131,0.01696377749198
4.136674943938941,parity2,0.0,mux3,-4.062834886530197,-6.388358653213819,-7.189298774590928,0.01696377749198,0.01504552094156
4.25667494393876,parity2,0.0,mux3,-4.9603273549684035,-6.672384640295231,-7.696520188858037,0.01504552094156,0.01334418000413
4.376674943938819,parity2,0.0,mux3,-5.470964258489897,-6.453519505419442,-7.796979672864806,0.01334418000413,0.01183522595689
4.496674943939098,parity2,0.0,mux3,-5.013879765057344,-6.968083502975693,-7.9174157910468255,0.01183522595689,0.01049690377433
4.6166749439389765,parity2,0.0,mux3,-6.447813728369398,-7.128054875703957,-8.071877730750845,0.01049690377433,0.00930991847971
4.736674943938531,parity2,0.0,mux3,-6.197161430843349,-6.848362480903471,-8.566025507204069,0.00930991847971,0.00825715696383
4.856674943938411,parity2,0.0,mux3,-6.4240522807237515,-7.631871580645207,-8.64321633091824,0.00825715696383,0.0073234412604
4.976674943938288,parity2,0.0,mux3,-6.752264564863474,-7.8249549169479415,-8.410768248755856,0.0073234412604,0.00649530972095
5.096674943938721,parity2,0.0,mux3,-6.735420276351039,-7.882644654041489,-9.485598972294577,0.00649530972095,0.00576082293431
5.216674943939278,parity2,0.0,mux3,-7.6991742069639075,-8.168980110774694,-9.341883921047248,0.00576082293431,0.00510939159275
5.336674943939214,parity2,0.0,mux3,-5.967576414594258,-8.421340191024107,-8.985813251916806,0.00510939159275,0.0045316238228
5.456674943938761,parity2,0.0,mux3,-6.984501119226167,-8.488332498953195,-9.508250086238512,0.0045316238228,0.00401918977996
5.576674943938397,parity2,0.0,mux3,-6.383720319922896,-8.728530037479583,-9.215022702520379,0.00401918977996,0.00356470155489
5.696674943938474,parity2,0.0,mux3,-6.1252710106655295,-8.181906705084785,-9.859599385456214,0.00356470155489,0.00316160665983
5.81667494393914,parity2,0.0,mux3,-6.06398044264554,-7.979710830234307,-9.292762931080919,0.00316160665983,0.00280409355946
5.936674943940315,parity2,0.0,mux3,-5.622792749712009,-8.339189351222956,-9.426313488993129,0.00280409355946,0.00248700788435
6.056674943939979,parity2,0.0,mux3,-5.730474350628875,-7.513973265775443,-9.208169855243455,0.00248700788435,0.00220577811891
6.176674943937908,parity2,0.0,mux3,-5.589868356352219,-7.906430253775076,-9.795984395168245,0.00220577811891,0.00195634969253
6.296674943936634,parity2,0.0,mux3,-5.196572248073156,-7.877079330060712,-8.972462591980067,0.00195634969253,0.00173512652367
6.416674943937635,parity2,0.0,mux3,-4.873005220501793,-7.2652236668690335,-8.981283747714615,0.00173512652367,0.00153891917413
6.536674943939238,parity2,0.0,mux3,-4.948725974469433,-6.551285789039745,-8.569084945309474,0.00153891917413,0.00136489886599
6.656674943939317,parity2,0.0,mux3,-4.120532797559248,-6.195734165952038,-8.409180206135462,0.00136489886599,0.0012105566983
6.776674943937397,parity2,0.0,mux3,-4.5600534045128205,-5.768741694214707,-8.160436300748854,0.0012105566983,0.00107366747553
6.896674943939244,parity2,0.0,mux3,-3.8050925787373404,-5.356563993657306,-6.363805784603779,0.00107366747553,0.00095225762628
7.016674943940956,parity2,0.0,mux3,-3.6272132280140466,-4.993670428412095,-6.119311662519294,0.00095225762628,0.00084457674977
7.136674943937584,parity2,0.0,mux3,-3.4198262840304396,-4.5365758073472895,-5.788551652044485,0.00084457674977,0.00074907237975
7.256674943936167,parity2,0.0,mux3,-3.237373779568467,-4.951467489363061,-6.24415006849389,0.00074907237975,0.00066436760218
7.376674943941916,parity2,0.0,mux3,-3.635377681502561,-4.232046147334051,-5.753368953045974,0.00066436760218,0.00058924120386
7.496674943946479,parity2,0.0,mux3,-3.708554414248063,-3.8243979631540324,-4.6464350452238,0.00058924120386,0.00052261006586
7.6166749439407315,parity2,0.0,mux3,-2.7763990114397648,-3.446057831099515,-5.0518428193937925,0.00052261006586,0.00046351354785
0.4166749439387326,parity3,1.0,random_balanced,1011.0574701282181,1001.2843449445188,992.3215076627391,0.7,0.62084430570201
0.5366749439387303,parity3,1.0,random_balanced,1409.2054483315142,1355.3090385552694,1325.901087998961,0.62084430570201,0.55063950274659
0.6566749439387318,parity3,1.0,random_balanced,1363.9623589496277,1281.3838090428596,1252.1758892468301,0.55063950274659,0.48837342824972
0.7766749439387325,parity3,1.0,random_balanced,1406.2816327829769,1303.154700632375,1284.3927399876031,0.48837342824972,0.4331483742643
0.8966749439387288,parity3,1.0,random_balanced,1588.5894384696933,1415.971446923465,1357.9734974960502,0.4331483742643,0.38416814526582
1.0166749439387306,parity3,1.0,random_balanced,1698.1400645471858,1508.8371982678661,1418.8084084235584,0.38416814526582,0.34072657917198
1.1366749439387256,parity3,1.0,random_balanced,1727.2095900853342,1533.738330467419,1371.3605311450567,0.34072657917198,0.30219736640036
1.2566749439387224,parity3,1.0,random_balanced,1641.2394517374557,1454.803919558205,1305.6913437044627,0.30219736640036,0.26802502018258
1.376674943938724,parity3,1.0,random_balanced,1499.6850963995882,1338.7174928308523,1230.4550307908662,0.26802502018258,0.23771686795146
1.4966749439387304,parity3,1.0,random_balanced,1417.1648722997581,1230.4533776005926,1169.3914670763756,0.23771686795146,0.21083594833854
1.6166749439387231,parity3,1.0,random_balanced,1323.953103806893,1155.9870096919235,1099.0013433885738,0.21083594833854,0.1869947113761
1.7366749439387053,parity3,1.0,random_balanced,1277.6380676906917,1100.4162914826984,1016.6884081921,0.1869947113761,0.16584943107749
1.856674943938702,parity3,1.0,random_balanced,1213.1742998324398,1029.861769874369,966.1688204301806,0.16584943107749,0.14709524984054
1.9766749439387048,parity3,1.0,random_balanced,1118.57948390832,974.446549506036,925.0352187304755,0.14709524984054,0.13046178322759
2.0966749439387233,parity3,1.0,random_balanced,1031.9794572395883,935.6486005125919,889.2284573262755,0.13046178322759,0.11570922175511
2.216674943938711,parity3,1.0,random_balanced,955.2103504969401,894.8149529963332,852.4818869637513,0.11570922175511,0.10262487349125
2.3366749439386982,parity3,1.0,random_balanced,908.4550802319267,863.2494752167078,818.9969407997986,0.10262487349125,0.0910200976149
2.4566749439387454,parity3,1.0,random_balanced,880.6954378809221,831.4391381827409,783.5141023152319,0.0910200976149,0.08072758472664
2.576674943938729,parity3,1.0,random_balanced,849.764631506156,802.3973740638766,754.5995903899803,0.08072758472664,0.07159894470088
2.6966749439386963,parity3,1.0,random_balanced,815.2251953950633,776.8048891487597,727.6705200479854,0.07159894470088,0.06350256730259
2.8166749439387466,parity3,1.0,random_balanced,797.1001642125032,757.0486644687926,702.9568982718633,0.06350256730259,0.05632172472467
2.9366749439387587,parity3,1.0,random_balanced,782.90060304968,731.1933240066417,682.698554637277,0.05632172472467,0.04995288868947
3.056674943938718,parity3,1.0,random_balanced,762.7921795313024,710.3186809818499,665.79330646475,0.04995288868947,0.04430423785175
3.1766749439387616,parity3,1.0,random_balanced,747.9781530960058,693.9499152740251,647.8478700287943,0.04430423785175,0.03929433398389
3.2966749439388465,parity3,1.0,random_balanced,732.1194836835364,682.0837922263488,634.6369736727027,0.03929433398389,0.0348509478575
3.4166749439388817,parity3,1.0,random_balanced,715.7929167733982,666.8362106128152,619.3829744718959,0.0348509478575,0.03091001789378
3.5366749439388308,parity3,1.0,random_balanced,697.6140305079729,657.1132239124231,610.328234542737,0.03091001789378,0.02741472656929
3.656674943938688,parity3,1.0,random_balanced,688.7347054548891,644.0221287694455,600.2802050473335,0.02741472656929,0.02431468126132
3.776674943938572,parity3,1.0,random_balanced,672.1050098199124,633.5393455607741,591.9701023922632,0.02431468126132,0.02156518772293
3.896674943938759,parity3,1.0,random_balanced,662.889910487105,623.5061012768657,581.8932359502168,0.02156518772293,0.0191266057131
4.016674943938969,parity3,1.0,random_balanced,655.5109024028569,611.5542034870543,576.9222717291972,0.0191266057131,0.01696377749198
4.136674943938941,parity3,1.0,random_balanced,645.8370015541919,601.1686300630487,569.0090287569748,0.01696377749198,0.01504552094156
4.25667494393876,parity3,1.0,random_balanced,639.1751468676393,592.0613733418741,558.0016515383694,0.01504552094156,0.01334418000413
4.376674943938819,parity3,1.0,random_balanced,634.4924692483131,579.8347206385284,538.2419110698032,0.01334418000413,0.01183522595689
4.496674943939098,parity3,1.0,random_balanced,629.4155871441199,568.5679054862669,526.5332515396854,0.01183522595689,0.01049690377433
4.6166749439389765,parity3,1.0,random_balanced,624.0694262984262,558.7352379254387,513.059465917493,0.01049690377433,0.00930991847971
4.736674943938531,parity3,1.0,random_balanced,619.106147408568,551.1314278681406,501.9207535789325,0.00930991847971,0.00825715696383
4.856674943938411,parity3,1.0,random_balanced,612.1976468576157,546.7566380009835,496.71034111446147,0.00825715696383,0.0073234412604
4.976674943938288,parity3,1.0,random_balanced,608.2113861674677,540.2579156732568,489.0714566530546,0.0073234412604,0.00649530972095
5.096674943938721,parity3,1.0,random_balanced,606.1558607185027,534.5758716717587,480.513723711003,0.00649530972095,0.00576082293431
5.216674943939278,parity3,1.0,random_balanced,606.0414443155765,527.1141378420491,476.2015066084694,0.00576082293431,0.00510939159275
5.336674943939214,parity3,1.0,random_balanced,599.4758336933413,523.2130467026177,471.2877953123999,0.00510939159275,0.0045316238228
5.456674943938761,parity3,1.0,random_balanced,591.3766837571751,515.0118718911019,466.8892866842403,0.0045316238228,0.00401918977996
5.576674943938397,parity3,1.0,random_balanced,588.2112416151155,509.78395841825505,462.13967845428914,0.00401918977996,0.00356470155489
5.696674943938474,parity3,1.0,random_balanced,584.0522914082784,501.29098929507705,458.5836959218395,0.00356470155489,0.00316160665983
5.81667494393914,parity3,1.0,random_balanced,579.0674855892415,499.9253850326779,454.75595076721095,0.00316160665983,0.00280409355946
5.936674943940315,parity3,1.0,random_balanced,578.4527561110796,494.1696165052155,451.2860317419149,0.00280409355946,0.00248700788435
6.056674943939979,parity3,1.0,random_balanced,575.8440295514631,489.8796856928716,448.6133769387925,0.00248700788435,0.00220577811891
6.176674943937908,parity3,1.0,random_balanced,572.5013274106007,486.6674273241566,444.21757621321825,0.00220577811891,0.00195634969253
6.296674943936634,parity3,1.0,random_balanced,570.0967328320388,480.7122106217822,440.6187100850526,0.00195634969253,0.00173512652367
6.416674943937635,parity3,1.0,random_balanced,567.8714164134392,477.6956515722304,436.3123064061849,0.00173512652367,0.00153891917413
6.536674943939238,parity3,1.0,random_balanced,564.7288687741066,472.70983719967415,431.48945781444155,0.00153891917413,0.00136489886599
6.656674943939317,parity3,1.0,random_balanced,563.0483249128564,469.7709416636589,429.81379025851305,0.00136489886599,0.0012105566983
6.776674943937397,parity3,1.0,random_balanced,560.3535134142455,466.0554582536199,424.1790397800939,0.0012105566983,0.00107366747553
6.896674943939244,parity3,1.0,random_balanced,559.8160293368852,462.8877614615476,422.1536914035238,0.00107366747553,0.00095225762628
7.016674943940956,parity3,1.0,random_balanced,557.6750184484202,460.52608639739674,419.4672800860375,0.00095225762628,0.00084457674977
7.136674943937584,parity3,1.0,random_balanced,555.1183636309502,457.76685562456714,418.27698342390596,0.00084457674977,0.00074907237975
7.256674943936167,parity3,1.0,random_balanced,549.6100257047008,454.6470287215494,416.89973320004,0.00074907237975,0.00066436760218
7.376674943941916,parity3,1.0,random_balanced,549.35314911666,450.57229181933644,413.0174013149001,0.00066436760218,0.00058924120386
7.496674943946479,parity3,1.0,random_balanced,549.7808888157821,448.0074892093594,410.5450082869374,0.00058924120386,0.00052261006586
7.6166749439407315,parity3,1.0,random_balanced,545.5448101611239,444.3502896196121,409.5172053866087,0.00052261006586,0.00046351354785
0.4166749439387326,parity4,1.0,random_balanced,672.2940890515464,662.3390355164294,657.4934501592172,0.7,0.62084430570201
0.5366749439387303,parity4,1.0,random_balanced,1192.5341028483294,1146.6853169734525,1112.2097193439106,0.62084430570201,0.55063950274659
0.6566749439387318,parity4,1.0,random_balanced,1198.6544316752083,1127.431102631259,1007.8824531199537,0.55063950274659,0.48837342824972
0.7766749439387325,parity4,1.0,random_balanced,1220.0125853461022,1116.308543645984,1100.7843334732315,0.48837342824972,0.4331483742643
0.8966749439387288,parity4,1.0,random_balanced,1203.4798153596546,1086.0405727743018,1007.4094329793439,0.4331483742643,0.38416814526582
1.0166749439387306,parity4,1.0,random_balanced,1223.938703981616,1062.8125725246316,970.6933108275167,0.38416814526582,0.34072657917198
1.1366749439387256,parity4,1.0,random_balanced,1241.3898587487308,1057.9799262022177,895.4838558912265,0.34072657917198,0.30219736640036
1.2566749439387224,parity4,1.0,random_balanced,1214.9969570168394,984.7167906136697,841.513514272922,0.30219736640036,0.26802502018258
1.376674943938724,parity4,1.0,random_balanced,1129.9069838198322,890.8793850718085,781.7572921915441,0.26802502018258,0.23771686795146
1.4966749439387304,parity4,1.0,random_balanced,999.8414445226358,776.2068860966262,716.8989108553767,0.23771686795146,0.21083594833854
1.6166749439387231,parity4,1.0,random_balanced,902.1719501411784,694.1840222589873,636.4574857159112,0.21083594833854,0.1869947113761
1.7366749439387053,parity4,1.0,random_balanced,799.9985425222218,624.1009084954649,542.7459734286917,0.1869947113761,0.16584943107749
1.856674943938702,parity4,1.0,random_balanced,724.1938890524117,542.2822062019675,490.74254362470145,0.16584943107749,0.14709524984054
1.9766749439387048,parity4,1.0,random_balanced,654.8528551150647,489.5253827480732,449.4866276603585,0.14709524984054,0.13046178322759
2.0966749439387233,parity4,1.0,random_balanced,656.2461273272086,458.01088644559786,385.33634527088606,0.13046178322759,0.11570922175511
2.216674943938711,parity4,1.0,random_balanced,644.77044716681,438.6160039493494,331.75018242879247,0.11570922175511,0.10262487349125
2.3366749439386982,parity4,1.0,random_balanced,612.3022945876993,461.05065575264433,317.81269897884266,0.10262487349125,0.0910200976149
2.4566749439387454,parity4,1.0,random_balanced,561.1487048159181,480.4382733439252,339.86700052949953,0.0910200976149,0.08072758472664
2.576674943938729,parity4,1.0,random_balanced,524.3131324711369,491.87332438958515,332.65708959903014,0.08072758472664,0.07159894470088
2.6966749439386963,parity4,1.0,random_balanced,503.4102139981068,472.640160048358,375.17750326398766,0.07159894470088,0.06350256730259
2.8166749439387466,parity4,1.0,random_balanced,490.507164708108,459.2830686341224,393.31601370861347,0.06350256730259,0.05632172472467
2.9366749439387587,parity4,1.0,random_balanced,483.102941804051,443.2390082705915,383.39977289645844,0.05632172472467,0.04995288868947
3.056674943938718,parity4,1.0,random_balanced,468.60649486353134,423.33993342286124,363.7221349774291,0.04995288868947,0.04430423785175
3.1766749439387616,parity4,1.0,random_balanced,458.1175315835984,408.89482729465533,362.7446502130782,0.04430423785175,0.03929433398389
3.2966749439388465,parity4,1.0,random_balanced,447.3989863100777,401.4207931018441,362.44807617912903,0.03929433398389,0.0348509478575
3.4166749439388817,parity4,1.0,random_balanced,435.4079633349051,384.2512499022965,353.32393209249346,0.0348509478575,0.03091001789378
3.5366749439388308,parity4,1.0,random_balanced,429.4464556543489,378.91287504530686,332.4931619819726,0.03091001789378,0.02741472656929
3.656674943938688,parity4,1.0,random_balanced,429.7132534611391,376.21756236035844,317.8866273801371,0.02741472656929,0.02431468126132
3.776674943938572,parity4,1.0,random_balanced,415.3947006926949,368.2397499278797,321.78997882254623,0.02431468126132,0.02156518772293
3.896674943938759,parity4,1.0,random_balanced,402.2764151291347,359.2675050475474,316.4516084265431,0.02156518772293,0.0191266057131
4.016674943938969,parity4,1.0,random_balanced,393.7260616866757,349.43978623711365,309.0759555792599,0.0191266057131,0.01696377749198
4.136674943938941,parity4,1.0,random_balanced,386.61935316311474,339.6968002088556,297.3783261746497,0.01696377749198,0.01504552094156
4.25667494393876,parity4,1.0,random_balanced,385.3027452774943,329.3650260282654,290.0357448947773,0.01504552094156,0.01334418000413
4.376674943938819,parity4,1.0,random_balanced,383.38996509834453,317.3437184318518,272.33009016162265,0.01334418000413,0.01183522595689
4.496674943939098,parity4,1.0,random_balanced,383.5813540290853,307.2056372710749,265.16123896911114,0.01183522595689,0.01049690377433
4.6166749439389765,parity4,1.0,random_balanced,378.6447260623439,298.98746156207875,257.8793576704447,0.01049690377433,0.00930991847971
4.736674943938531,parity4,1.0,random_balanced,371.1108700216189,291.8232484604369,250.75969217342504,0.00930991847971,0.00825715696383
4.856674943938411,parity4,1.0,random_balanced,364.60936742449564,286.01766189396994,243.57165704640332,0.00825715696383,0.0073234412604
4.976674943938288,parity4,1.0,random_balanced,359.17800342329184,280.3779053957877,235.57984296378314,0.0073234412604,0.00649530972095
5.096674943938721,parity4,1.0,random_balanced,354.7817087711993,274.06072606181476,227.41643091619457,0.00649530972095,0.00576082293431
5.216674943939278,parity4,1.0,random_balanced,353.43029498950267,266.4977840007414,220.23479883158234,0.00576082293431,0.00510939159275
5.336674943939214,parity4,1.0,random_balanced,346.00466306674497,260.1909174820162,214.93129243947726,0.00510939159275,0.0045316238228
5.456674943938761,parity4,1.0,random_balanced,336.6656528919046,253.70802294851268,209.01303486143883,0.0045316238228,0.00401918977996
5.576674943938397,parity4,1.0,random_balanced,332.1676629254198,247.851774373848,205.10000010752384,0.00401918977996,0.00356470155489
5.696674943938474,parity4,1.0,random_balanced,323.5752581541007,242.3063939613122,198.21278182600608,0.00356470155489,0.00316160665983
5.81667494393914,parity4,1.0,random_balanced,316.1002582770922,236.71640923961547,191.13019614731243,0.00316160665983,0.00280409355946
5.936674943940315,parity4,1.0,random_balanced,312.41616252134907,232.12536973121888,185.24653010351605,0.00280409355946,0.00248700788435
6.056674943939979,parity4,1.0,random_balanced,307.04025181967154,226.73348100198285,179.79603754706852,0.00248700788435,0.00220577811891
6.176674943937908,parity4,1.0,random_balanced,302.723195068977,223.42931554757422,177.67911224009833,0.00220577811891,0.00195634969253
6.296674943936634,parity4,1.0,random_balanced,299.16885204718943,219.9743676906996,174.44736744784402,0.00195634969253,0.00173512652367
6.416674943937635,parity4,1.0,random_balanced,296.08950431128915,215.94377737776944,170.32968406512572,0.00173512652367,0.00153891917413
6.536674943939238,parity4,1.0,random_balanced,294.25558821033746,211.44072922555108,164.90366479833642,0.00153891917413,0.00136489886599
6.656674943939317,parity4,1.0,random_balanced,289.53954927078684,204.30398638363954,161.58395224463948,0.00136489886599,0.0012105566983
6.776674943937397,parity4,1.0,random_balanced,285.57094296463515,198.77091874141092,154.6478836792189,0.0012105566983,0.00107366747553
6.896674943939244,parity4,1.0,random_balanced,286.45865368370687,194.19502704811163,153.57557211944712,0.00107366747553,0.00095225762628
7.016674943940956,parity4,1.0,random_balanced,284.1656274965115,189.72307808856033,151.89615565908215,0.00095225762628,0.00084457674977
7.136674943937584,parity4,1.0,random_balanced,279.0049574025787,180.60759498524902,152.17044538875132,0.00084457674977,0.00074907237975
7.256674943936167,parity4,1.0,random_balanced,271.25306436140056,173.94115162579845,151.248255411433,0.00074907237975,0.00066436760218
7.376674943941916,parity4,1.0,random_balanced,269.76585708084934,172.0594913043795,146.06616282593959,0.00066436760218,0.00058924120386
7.496674943946479,parity4,1.0,random_balanced,268.50921373676016,166.5711830007522,142.0097006755532,0.00058924120386,0.00052261006586
7.6166749439407315,parity4,1.0,random_balanced,258.636069015278,161.40290064292236,135.77523135361713,0.00052261006586,0.00046351354785
