depth,easy,easy_transition,easy_transition_brackets,fraction_replicas_ratio_positive,hard,hard_transition,hard_transition_brackets,log_volume_ratio_easy_over_hard_median,log_volume_ratio_max,log_volume_ratio_min,threshold
0.35667494393873245,parity2,"[64, 80]","{""n50"": [48, 64], ""n90"": [64, 80]}",1.0,mux3,"[80, 112]","{""n50"": [64, 80], ""n90"": [96, 112]}",0.23464842807818773,0.2406397272150413,0.218132729833461,0.7
0.47667494393873283,parity2,"[64, 80]","{""n50"": [48, 64], ""n90"": [64, 80]}",0.0,mux3,"[80, 112]","{""n50"": [64, 80], ""n90"": [96, 112]}",-56.37019997140828,-56.1754338046417,-56.518314567667275,0.62084430570201
0.5966749439387276,parity2,"[64, 80]","{""n50"": [48, 64], ""n90"": [64, 80]}",0.0,mux3,"[80, 112]","{""n50"": [64, 80], ""n90"": [96, 112]}",-85.41671956758566,-83.03795166615777,-85.97481258891446,0.55063950274659
0.7166749439387359,parity2,"[64, 80]","{""n50"": [48, 64], ""n90"": [64, 80]}",0.0,mux3,"[80, 112]","{""n50"": [64, 80], ""n90"": [96, 112]}",-97.5323593444485,-93.26026349067368,-103.12329489033327,0.48837342824972
0.8366749439387292,parity2,"[64, 80]","{""n50"": [48, 64], ""n90"": [64, 80]}",0.0,mux3,"[80, 112]","{""n50"": [64, 80], ""n90"": [96, 112]}",-96.9249568767132,-92.5728819852125,-104.22483448193682,0.4331483742643
0.9566749439387285,parity2,"[64, 80]","{""n50"": [48, 64], ""n90"": [64, 80]}",0.0,mux3,"[80, 112]","{""n50"": [64, 80], ""n90"": [96, 112]}",-88.31414831540559,-84.20786856826552,-96.07143631808634,0.38416814526582
1.0766749439387329,parity2,"[64, 80]","{""n50"": [48, 64], ""n90"": [64, 80]}",0.0,mux3,"[80, 112]","{""n50"": [64, 80], ""n90"": [96, 112]}",-83.25659278971489,-78.97136509474262,-91.1334230281426,0.34072657917198
1.1966749439387185,parity2,"[64, 80]","{""n50"": [48, 64], ""n90"": [64, 80]}",0.0,mux3,"[80, 112]","{""n50"": [64, 80], ""n90"": [96, 112]}",-79.85744472019456,-75.46390628674388,-87.84853330702191,0.30219736640036
1.3166749439387264,parity2,"[64, 80]","{""n50"": [48, 64], ""n90"": [64, 80]}",0.0,mux3,"[80, 112]","{""n50"": [64, 80], ""n90"": [96, 112]}",-77.46946426122037,-73.02039318447541,-85.42948695878309,0.26802502018258
1.4366749439387214,parity2,"[64, 80]","{""n50"": [48, 64], ""n90"": [64, 80]}",0.0,mux3,"[80, 112]","{""n50"": [64, 80], ""n90"": [96, 112]}",-75.71771974972832,-71.21413087558864,-83.53555905691303,0.23771686795146
1.5566749439387393,parity2,"[64, 80]","{""n50"": [48, 64], ""n90"": [64, 80]}",0.0,mux3,"[80, 112]","{""n50"": [64, 80], ""n90"": [96, 112]}",-74.36576528542503,-69.74197949361968,-82.13876888482173,0.21083594833854
1.676674943938707,parity2,"[64, 80]","{""n50"": [48, 64], ""n90"": [64, 80]}",0.0,mux3,"[80, 112]","{""n50"": [64, 80], ""n90"": [96, 112]}",-73.20914035616283,-68.45112044406596,-80.92435526584086,0.1869947113761
1.7966749439387035,parity2,"[64, 80]","{""n50"": [48, 64], ""n90"": [64, 80]}",0.0,mux3,"[80, 112]","{""n50"": [64, 80], ""n90"": [96, 112]}",-72.30403429049647,-67.54317797089203,-80.1218953508311,0.16584943107749
1.9166749439387005,parity2,"[64, 80]","{""n50"": [48, 64], ""n90"": [64, 80]}",0.0,mux3,"[80, 112]","{""n50"": [64, 80], ""n90"": [96, 112]}",-71.54475040796828,-66.7528535540585,-79.30992876277492,0.14709524984054
2.036674943938709,parity2,"[64, 80]","{""n50"": [48, 64], ""n90"": [64, 80]}",0.0,mux3,"[80, 112]","{""n50"": [64, 80], ""n90"": [96, 112]}",-70.8573548887421,-66.14805490693033,-78.69927373122954,0.13046178322759
2.156674943938737,parity2,"[64, 80]","{""n50"": [48, 64], ""n90"": [64, 80]}",0.0,mux3,"[80, 112]","{""n50"": [64, 80], ""n90"": [96, 112]}",-70.36747218674739,-65.52318041742791,-78.19482332142496,0.11570922175511
2.2766749439386844,parity2,"[64, 80]","{""n50"": [48, 64], ""n90"": [64, 80]}",0.0,mux3,"[80, 112]","{""n50"": [64, 80], ""n90"": [96, 112]}",-69.9104958202793,-65.05609271808078,-77.89107641152879,0.10262487349125
2.396674943938712,parity2,"[64, 80]","{""n50"": [48, 64], ""n90"": [64, 80]}",0.0,mux3,"[80, 112]","{""n50"": [64, 80], ""n90"": [96, 112]}",-69.4842479818117,-64.72224721532962,-77.60505172570964,0.0910200976149
2.516674943938779,parity2,"[64, 80]","{""n50"": [48, 64], ""n90"": [64, 80]}",0.0,mux3,"[80, 112]","{""n50"": [64, 80], ""n90"": [96, 112]}",-69.37102062320781,-64.57771808368341,-77.64609554267975,0.08072758472664
2.6366749439386794,parity2,"[64, 80]","{""n50"": [48, 64], ""n90"": [64, 80]}",0.0,mux3,"[80, 112]","{""n50"": [64, 80], ""n90"": [96, 112]}",-69.24231071968944,-64.52274109460922,-77.6499395107557,0.07159894470088
2.756674943938713,parity2,"[64, 80]","{""n50"": [48, 64], ""n90"": [64, 80]}",0.0,mux3,"[80, 112]","{""n50"": [64, 80], ""n90"": [96, 112]}",-69.21953074911085,-64.46662274164595,-77.64531626458569,0.06350256730259
2.8766749439387804,parity2,"[64, 80]","{""n50"": [48, 64], ""n90"": [64, 80]}",0.0,mux3,"[80, 112]","{""n50"": [64, 80], ""n90"": [96, 112]}",-69.16602959287331,-64.61097874393374,-77.86824537447472,0.05632172472467
2.996674943938737,parity2,"[64, 80]","{""n50"": [48, 64], ""n90"": [64, 80]}",0.0,mux3,"[80, 112]","{""n50"": [64, 80], ""n90"": [96, 112]}",-69.16597800393177,-64.7224461789321,-77.95728052729078,0.04995288868947
3.1166749439386985,parity2,"[64, 80]","{""n50"": [48, 64], ""n90"": [64, 80]}",0.0,mux3,"[80, 112]","{""n50"": [64, 80], ""n90"": [96, 112]}",-69.38501474819302,-65.01620868377341,-78.15962778022032,0.04430423785175
3.2366749439388243,parity2,"[64, 80]","{""n50"": [48, 64], ""n90"": [64, 80]}",0.0,mux3,"[80, 112]","{""n50"": [64, 80], ""n90"": [96, 112]}",-69.55325560346444,-65.35109976516969,-78.40451146526243,0.03929433398389
3.356674943938869,parity2,"[64, 80]","{""n50"": [48, 64], ""n90"": [64, 80]}",0.0,mux3,"[80, 112]","{""n50"": [64, 80], ""n90"": [96, 112]}",-69.89854757822445,-65.8329158739898,-78.75466906618522,0.0348509478575
3.476674943938894,parity2,"[64, 80]","{""n50"": [48, 64], ""n90"": [64, 80]}",0.0,mux3,"[80, 112]","{""n50"": [64, 80], ""n90"": [96, 112]}",-70.24774563867413,-66.36395758371464,-79.17718312405316,0.03091001789378
3.596674943938767,parity2,"[64, 80]","{""n50"": [48, 64], ""n90"": [64, 80]}",0.0,mux3,"[80, 112]","{""n50"": [64, 80], ""n90"": [96, 112]}",-70.78782370407782,-66.7707342385246,-79.67950673973701,0.02741472656929
3.7166749439386084,parity2,"[64, 80]","{""n50"": [48, 64], ""n90"": [64, 80]}",0.0,mux3,"[80, 112]","{""n50"": [64, 80], ""n90"": [96, 112]}",-71.276706357112,-67.47745419381397,-80.39721425720995,0.02431468126132
3.8366749439385353,parity2,"[64, 80]","{""n50"": [48, 64], ""n90"": [64, 80]}",0.0,mux3,"[80, 112]","{""n50"": [64, 80], ""n90"": [96, 112]}",-71.75896765267248,-68.14568551260777,-81.07742853036507,0.02156518772293
3.956674943938983,parity2,"[64, 80]","{""n50"": [48, 64], ""n90"": [64, 80]}",0.0,mux3,"[80, 112]","{""n50"": [64, 80], ""n90"": [96, 112]}",-72.32320551058928,-68.76103448410595,-81.59992189624336,0.0191266057131
4.076674943938955,parity2,"[64, 80]","{""n50"": [48, 64], ""n90"": [64, 80]}",0.0,mux3,"[80, 112]","{""n50"": [64, 80], ""n90"": [96, 112]}",-72.96301803633952,-69.51207025214376,-82.19216533325493,0.01696377749198
4.196674943938928,parity2,"[64, 80]","{""n50"": [48, 64], ""n90"": [64, 80]}",0.0,mux3,"[80, 112]","{""n50"": [64, 80], ""n90"": [96, 112]}",-73.6988045521332,-70.28918448437867,-83.05488118620565,0.01504552094156
4.316674943938593,parity2,"[64, 80]","{""n50"": [48, 64], ""n90"": [64, 80]}",0.0,mux3,"[80, 112]","{""n50"": [64, 80], ""n90"": [96, 112]}",-74.40525074539664,-71.17499369782911,-83.97846360886604,0.01334418000413
4.436674943939044,parity2,"[64, 80]","{""n50"": [48, 64], ""n90"": [64, 80]}",0.0,mux3,"[80, 112]","{""n50"": [64, 80], ""n90"": [96, 112]}",-75.20132738128092,-71.97059396107011,-84.89054363059893,0.01183522595689
4.556674943939151,parity2,"[64, 80]","{""n50"": [48, 64], ""n90"": [64, 80]}",0.0,mux3,"[80, 112]","{""n50"": [64, 80], ""n90"": [96, 112]}",-75.95548519459697,-72.81893288900835,-85.84063352552539,0.01049690377433
4.676674943938801,parity2,"[64, 80]","{""n50"": [48, 64], ""n90"": [64, 80]}",0.0,mux3,"[80, 112]","{""n50"": [64, 80], ""n90"": [96, 112]}",-76.76348815589955,-73.6918290278362,-86.76688563352218,0.00930991847971
4.796674943938259,parity2,"[64, 80]","{""n50"": [48, 64], ""n90"": [64, 80]}",0.0,mux3,"[80, 112]","{""n50"": [64, 80], ""n90"": [96, 112]}",-77.6728753573251,-74.50330171405096,-87.61181779656113,0.00825715696383
4.916674943938563,parity2,"[64, 80]","{""n50"": [48, 64], ""n90"": [64, 80]}",0.0,mux3,"[80, 112]","{""n50"": [64, 80], ""n90"": [96, 112]}",-78.62704151048314,-75.47465594638902,-88.64900375627394,0.0073234412604
5.036674943938012,parity2,"[64, 80]","{""n50"": [48, 64], ""n90"": [64, 80]}",0.0,mux3,"[80, 112]","{""n50"": [64, 80], ""n90"": [96, 112]}",-79.59739134417521,-76.48394813623509,-89.5931720921725,0.00649530972095
5.15667494393943,parity2,"[64, 80]","{""n50"": [48, 64], ""n90"": [64, 80]}",0.0,mux3,"[80, 112]","{""n50"": [64, 80], ""n90"": [96, 112]}",-80.62888256225767,-77.53481433662546,-90.7314439688613,0.00576082293431
5.276674943939125,parity2,"[64, 80]","{""n50"": [48, 64], ""n90"": [64, 80]}",0.0,mux3,"[80, 112]","{""n50"": [64, 80], ""n90"": [96, 112]}",-81.65718274341509,-78.53256227460656,-91.73046015751925,0.00510939159275
5.396674943939303,parity2,"[64, 80]","{""n50"": [48, 64], ""n90"": [64, 80]}",0.0,mux3,"[80, 112]","{""n50"": [64, 80], ""n90"": [96, 112]}",-82.66774356633948,-79.59484389132024,-92.80875774775086,0.0045316238228
5.51667494393822,parity2,"[64, 80]","{""n50"": [48, 64], ""n90"": [64, 80]}",0.0,mux3,"[80, 112]","{""n50"": [64, 80], ""n90"": [96, 112]}",-83.73991017405831,-80.6287004859513,-93.75303321598153,0.00401918977996
5.636674943938574,parity2,"[64, 80]","{""n50"": [48, 64], ""n90"": [64, 80]}",0.0,mux3,"[80, 112]","{""n50"": [64, 80], ""n90"": [96, 112]}",-84.72704985739989,-81.720454112276,-94.80758357518175,0.00356470155489
5.756674943938374,parity2,"[64, 80]","{""n50"": [48, 64], ""n90"": [64, 80]}",0.0,mux3,"[80, 112]","{""n50"": [64, 80], ""n90"": [96, 112]}",-85.70887866200843,-82.76799775420216,-95.85284041654802,0.00316160665983
5.876674943939907,parity2,"[64, 80]","{""n50"": [48, 64], ""n90"": [64, 80]}",0.0,mux3,"[80, 112]","{""n50"": [64, 80], ""n90"": [96, 112]}",-86.66644396164878,-83.68219798233349,-96.96797196829198,0.00280409355946
5.996674943940723,parity2,"[64, 80]","{""n50"": [48, 64], ""n90"": [64, 80]}",0.0,mux3,"[80, 112]","{""n50"": [64, 80], ""n90"": [96, 112]}",-87.49613597851237,-84.67347282509058,-98.01761799063206,0.00248700788435
6.116674943939235,parity2,"[64, 80]","{""n50"": [48, 64], ""n90"": [64, 80]}",0.0,mux3,"[80, 112]","{""n50"": [64, 80], ""n90"": [96, 112]}",-88.3594427812912,-85.5549592620813,-98.95776680126994,0.00220577811891
6.23667494393658,parity2,"[64, 80]","{""n50"": [48, 64], ""n90"": [64, 80]}",0.0,mux3,"[80, 112]","{""n50"": [64, 80], ""n90"": [96, 112]}",-89.19802126848265,-86.55538065123915,-100.13328492866412,0.00195634969253
6.356674943936687,parity2,"[64, 80]","{""n50"": [48, 64], ""n90"": [64, 80]}",0.0,mux3,"[80, 112]","{""n50"": [64, 80], ""n90"": [96, 112]}",-89.98883550008304,-87.5016242602062,-101.20998043970269,0.00173512652367
6.476674943938584,parity2,"[64, 80]","{""n50"": [48, 64], ""n90"": [64, 80]}",0.0,mux3,"[80, 112]","{""n50"": [64, 80], ""n90"": [96, 112]}",-90.76495245143053,-88.3556021046146,-102.28773448944548,0.00153891917413
6.5966749439398935,parity2,"[64, 80]","{""n50"": [48, 64], ""n90"": [64, 80]}",0.0,mux3,"[80, 112]","{""n50"": [64, 80], ""n90"": [96, 112]}",-91.51623095575741,-89.14290050400814,-103.31602468289384,0.00136489886599
6.71667494393874,parity2,"[64, 80]","{""n50"": [48, 64], ""n90"": [64, 80]}",0.0,mux3,"[80, 112]","{""n50"": [64, 80], ""n90"": [96, 112]}",-92.19932024410258,-89.98792929606225,-104.3251263076204,0.0012105566983
6.836674943936054,parity2,"[64, 80]","{""n50"": [48, 64], ""n90"": [64, 80]}",0.0,mux3,"[80, 112]","{""n50"": [64, 80], ""n90"": [96, 112]}",-92.86923795658663,-90.70516535498905,-105.30437866368834,0.00107366747553
6.956674943942435,parity2,"[64, 80]","{""n50"": [48, 64], ""n90"": [64, 80]}",0.0,mux3,"[80, 112]","{""n50"": [64, 80], ""n90"": [96, 112]}",-93.45937823977187,-91.29211377254876,-106.0680353578814,0.00095225762628
7.0766749439394765,parity2,"[64, 80]","{""n50"": [48, 64], ""n90"": [64, 80]}",0.0,mux3,"[80, 112]","{""n50"": [64, 80], ""n90"": [96, 112]}",-94.05055715418644,-91.8893287613297,-106.80235275736561,0.00084457674977
7.196674943935692,parity2,"[64, 80]","{""n50"": [48, 64], ""n90"": [64, 80]}",0.0,mux3,"[80, 112]","{""n50"": [64, 80], ""n90"": [96, 112]}",-94.58359418628277,-92.46696715135636,-107.49697895558904,0.00074907237975
7.316674943936642,parity2,"[64, 80]","{""n50"": [48, 64], ""n90"": [64, 80]}",0.0,mux3,"[80, 112]","{""n50"": [64, 80], ""n90"": [96, 112]}",-95.23335020625194,-93.21626515958155,-108.18699749624761,0.00066436760218
7.4366749439471915,parity2,"[64, 80]","{""n50"": [48, 64], ""n90"": [64, 80]}",0.0,mux3,"[80, 112]","{""n50"": [64, 80], ""n90"": [96, 112]}",-95.84277491211168,-93.70351109773776,-108.74263605238968,0.00058924120386
7.556674943945765,parity2,"[64, 80]","{""n50"": [48, 64], ""n90"": [64, 80]}",0.0,mux3,"[80, 112]","{""n50"": [64, 80], ""n90"": [96, 112]}",-96.35026168535069,-94.24714230387497,-109.20309022247795,0.00052261006586
7.676674943935698,parity2,"[64, 80]","{""n50"": [48, 64], ""n90"": [64, 80]}",0.0,mux3,"[80, 112]","{""n50"": [64, 80], ""n90"": [96, 112]}",-96.91845523562608,-94.67738136303615,-109.59990504271127,0.00046351354785
0.35667494393873245,parity3,"[96, 112]","{""n50"": [80, 96], ""n90"": [96, 112]}",1.0,random_balanced,"[241, 241]","{""n50"": [240, null], ""n90"": [240, null]}",0.04212870329359489,0.048178605695575916,0.03456790173259178,0.7
0.47667494393873283,parity3,"[96, 112]","{""n50"": [80, 96], ""n90"": [96, 112]}",1.0,random_balanced,"[241, 241]","{""n50"": [240, null], ""n90"": [240, null]}",120.1966996188996,121.37507502108215,119.12652341051052,0.62084430570201
0.5966749439387276,parity3,"[96, 112]","{""n50"": [80, 96], ""n90"": [96, 112]}",1.0,random_balanced,"[241, 241]","{""n50"": [240, null], ""n90"": [240, null]}",282.54403364688585,289.5193711077883,279.24982693877564,0.55063950274659
0.7166749439387359,parity3,"[96, 112]","{""n50"": [80, 96], ""n90"": [96, 112]}",1.0,random_balanced,"[241, 241]","{""n50"": [240, null], ""n90"": [240, null]}",435.6950454553455,446.29917129767716,432.7254857796913,0.48837342824972
0.8366749439387292,parity3,"[96, 112]","{""n50"": [80, 96], ""n90"": [96, 112]}",1.0,random_balanced,"[241, 241]","{""n50"": [240, null], ""n90"": [240, null]}",592.6147066128871,610.4238040310497,587.8685814534772,0.4331483742643
0.9566749439387285,parity3,"[96, 112]","{""n50"": [80, 96], ""n90"": [96, 112]}",1.0,random_balanced,"[241, 241]","{""n50"": [240, null], ""n90"": [240, null]}",764.1010626142186,801.0545366474119,757.9162811746471,0.38416814526582
1.0766749439387329,parity3,"[96, 112]","{""n50"": [80, 96], ""n90"": [96, 112]}",1.0,random_balanced,"[241, 241]","{""n50"": [240, null], ""n90"": [240, null]}",944.1189809463538,1002.6760203364367,928.1732901854803,0.34072657917198
1.1966749439387185,parity3,"[96, 112]","{""n50"": [80, 96], ""n90"": [96, 112]}",1.0,random_balanced,"[241, 241]","{""n50"": [240, null], ""n90"": [240, null]}",1128.6816295879648,1203.227132412947,1099.64859178495,0.30219736640036
1.3166749439387264,parity3,"[96, 112]","{""n50"": [80, 96], ""n90"": [96, 112]}",1.0,random_balanced,"[241, 241]","{""n50"": [240, null], ""n90"": [240, null]}",1302.2135684826053,1387.7395195380577,1257.3642814565794,0.26802502018258
1.4366749439387214,parity3,"[96, 112]","{""n50"": [80, 96], ""n90"": [96, 112]}",1.0,random_balanced,"[241, 241]","{""n50"": [240, null], ""n90"": [240, null]}",1466.0652690073046,1564.5044328235495,1406.5380903324567,0.23771686795146
1.5566749439387393,parity3,"[96, 112]","{""n50"": [80, 96], ""n90"": [96, 112]}",1.0,random_balanced,"[241, 241]","{""n50"": [240, null], ""n90"": [240, null]}",1622.298184562323,1728.3233603303124,1546.8650663816427,0.21083594833854
1.676674943938707,parity3,"[96, 112]","{""n50"": [80, 96], ""n90"": [96, 112]}",1.0,random_balanced,"[241, 241]","{""n50"": [240, null], ""n90"": [240, null]}",1767.8880649731946,1871.7862479907326,1678.745227588236,0.1869947113761
1.7966749439387035,parity3,"[96, 112]","{""n50"": [80, 96], ""n90"": [96, 112]}",1.0,random_balanced,"[241, 241]","{""n50"": [240, null], ""n90"": [240, null]}",1901.7817683641438,2002.9077541513411,1800.7478365712846,0.16584943107749
1.9166749439387005,parity3,"[96, 112]","{""n50"": [80, 96], ""n90"": [96, 112]}",1.0,random_balanced,"[241, 241]","{""n50"": [240, null], ""n90"": [240, null]}",2025.365180749065,2140.0615820921084,1916.6880950229033,0.14709524984054
2.036674943938709,parity3,"[96, 112]","{""n50"": [80, 96], ""n90"": [96, 112]}",1.0,random_balanced,"[241, 241]","{""n50"": [240, null], ""n90"": [240, null]}",2142.1089392173612,2274.2911201611164,2027.6923212705683,0.13046178322759
2.156674943938737,parity3,"[96, 112]","{""n50"": [80, 96], ""n90"": [96, 112]}",1.0,random_balanced,"[241, 241]","{""n50"": [240, null], ""n90"": [240, null]}",2254.4427775681825,2398.128655029896,2134.3997361497463,0.11570922175511
2.2766749439386844,parity3,"[96, 112]","{""n50"": [80, 96], ""n90"": [96, 112]}",1.0,random_balanced,"[241, 241]","{""n50"": [240, null], ""n90"": [240, null]}",2362.7146050088704,2512.7538970894784,2236.6975625853515,0.10262487349125
2.396674943938712,parity3,"[96, 112]","{""n50"": [80, 96], ""n90"": [96, 112]}",1.0,random_balanced,"[241, 241]","{""n50"": [240, null], ""n90"": [240, null]}",2468.562263556152,2621.7685067173347,2334.97719548135,0.0910200976149
2.516674943938779,parity3,"[96, 112]","{""n50"": [80, 96], ""n90"": [96, 112]}",1.0,random_balanced,"[241, 241]","{""n50"": [240, null], ""n90"": [240, null]}",2569.7316236268753,2727.4519592631045,2429.701783946829,0.08072758472664
2.6366749439386794,parity3,"[96, 112]","{""n50"": [80, 96], ""n90"": [96, 112]}",1.0,random_balanced,"[241, 241]","{""n50"": [240, null], ""n90"": [240, null]}",2664.07349090513,2829.4237150437584,2520.7754301132272,0.07159894470088
2.756674943938713,parity3,"[96, 112]","{""n50"": [80, 96], ""n90"": [96, 112]}",1.0,random_balanced,"[241, 241]","{""n50"": [240, null], ""n90"": [240, null]}",2755.491782539435,2927.2507384911933,2608.09589251901,0.06350256730259
2.8766749439387804,parity3,"[96, 112]","{""n50"": [80, 96], ""n90"": [96, 112]}",1.0,random_balanced,"[241, 241]","{""n50"": [240, null], ""n90"": [240, null]}",2844.33396708678,3022.9027581967475,2692.450720311681,0.05632172472467
2.996674943938737,parity3,"[96, 112]","{""n50"": [80, 96], ""n90"": [96, 112]}",1.0,random_balanced,"[241, 241]","{""n50"": [240, null], ""n90"": [240, null]}",2930.7692941791483,3116.850830562675,2774.3745468681245,0.04995288868947
3.1166749439386985,parity3,"[96, 112]","{""n50"": [80, 96], ""n90"": [96, 112]}",1.0,random_balanced,"[241, 241]","{""n50"": [240, null], ""n90"": [240, null]}",3014.885385410359,3208.385892106402,2854.269743643869,0.04430423785175
3.2366749439388243,parity3,"[96, 112]","{""n50"": [80, 96], ""n90"": [96, 112]}",1.0,random_balanced,"[241, 241]","{""n50"": [240, null], ""n90"": [240, null]}",3096.905982928881,3298.143270478017,2932.0114880474057,0.03929433398389
3.356674943938869,parity3,"[96, 112]","{""n50"": [80, 96], ""n90"": [96, 112]}",1.0,random_balanced,"[241, 241]","{""n50"": [240, null], ""n90"": [240, null]}",3177.30345077442,3385.9976085200738,3008.1679248881583,0.0348509478575
3.476674943938894,parity3,"[96, 112]","{""n50"": [80, 96], ""n90"": [96, 112]}",1.0,random_balanced,"[241, 241]","{""n50"": [240, null], ""n90"": [240, null]}",3256.1136920644544,3471.8927585328997,3082.4938818248015,0.03091001789378
3.596674943938767,parity3,"[96, 112]","{""n50"": [80, 96], ""n90"": [96, 112]}",1.0,random_balanced,"[241, 241]","{""n50"": [240, null], ""n90"": [240, null]}",3333.174057802851,3555.6064421937676,3155.7332699698522,0.02741472656929
3.7166749439386084,parity3,"[96, 112]","{""n50"": [80, 96], ""n90"": [96, 112]}",1.0,random_balanced,"[241, 241]","{""n50"": [240, null], ""n90"": [240, null]}",3408.2703659153103,3638.254606848245,3227.766894575437,0.02431468126132
3.8366749439385353,parity3,"[96, 112]","{""n50"": [80, 96], ""n90"": [96, 112]}",1.0,random_balanced,"[241, 241]","{""n50"": [240, null], ""n90"": [240, null]}",3482.087876413155,3718.9072080265855,3298.8033068624654,0.02156518772293
3.956674943938983,parity3,"[96, 112]","{""n50"": [80, 96], ""n90"": [96, 112]}",1.0,random_balanced,"[241, 241]","{""n50"": [240, null], ""n90"": [240, null]}",3554.5835674358277,3798.453997285335,3368.630495176752,0.0191266057131
4.076674943938955,parity3,"[96, 112]","{""n50"": [80, 96], ""n90"": [96, 112]}",1.0,random_balanced,"[241, 241]","{""n50"": [240, null], ""n90"": [240, null]}",3626.7561091792313,3877.1153055736595,3437.8611677842396,0.01696377749198
4.196674943938928,parity3,"[96, 112]","{""n50"": [80, 96], ""n90"": [96, 112]}",1.0,random_balanced,"[241, 241]","{""n50"": [240, null], ""n90"": [240, null]}",3698.69868561761,3954.615745760145,3506.142251235061,0.01504552094156
4.316674943938593,parity3,"[96, 112]","{""n50"": [80, 96], ""n90"": [96, 112]}",1.0,random_balanced,"[241, 241]","{""n50"": [240, null], ""n90"": [240, null]}",3769.671229640576,4031.3167633840476,3573.1024494194785,0.01334418000413
4.436674943939044,parity3,"[96, 112]","{""n50"": [80, 96], ""n90"": [96, 112]}",1.0,random_balanced,"[241, 241]","{""n50"": [240, null], ""n90"": [240, null]}",3839.44168967106,4107.4558596941315,3639.1724435564256,0.01183522595689
4.556674943939151,parity3,"[96, 112]","{""n50"": [80, 96], ""n90"": [96, 112]}",1.0,random_balanced,"[241, 241]","{""n50"": [240, null], ""n90"": [240, null]}",3908.378619395191,4182.985730151493,3703.912879043764,0.01049690377433
4.676674943938801,parity3,"[96, 112]","{""n50"": [80, 96], ""n90"": [96, 112]}",1.0,random_balanced,"[241, 241]","{""n50"": [240, null], ""n90"": [240, null]}",3976.8353114388046,4257.874061307086,3767.642258861872,0.00930991847971
4.796674943938259,parity3,"[96, 112]","{""n50"": [80, 96], ""n90"": [96, 112]}",1.0,random_balanced,"[241, 241]","{""n50"": [240, null], ""n90"": [240, null]}",4044.3504705349587,4332.166798995779,3830.408851142273,0.00825715696383
4.916674943938563,parity3,"[96, 112]","{""n50"": [80, 96], ""n90"": [96, 112]}",1.0,random_balanced,"[241, 241]","{""n50"": [240, null], ""n90"": [240, null]}",4111.181336729731,4405.630516618879,3891.992691784136,0.0073234412604
5.036674943938012,parity3,"[96, 112]","{""n50"": [80, 96], ""n90"": [96, 112]}",1.0,random_balanced,"[241, 241]","{""n50"": [240, null], ""n90"": [240, null]}",4177.4279036976895,4478.615882958639,3953.2404031511223,0.00649530972095
5.15667494393943,parity3,"[96, 112]","{""n50"": [80, 96], ""n90"": [96, 112]}",1.0,random_balanced,"[241, 241]","{""n50"": [240, null], ""n90"": [240, null]}",4242.791355286828,4551.3545862457195,4013.96737396776,0.00576082293431
5.276674943939125,parity3,"[96, 112]","{""n50"": [80, 96], ""n90"": [96, 112]}",1.0,random_balanced,"[241, 241]","{""n50"": [240, null], ""n90"": [240, null]}",4307.478165603254,4624.079559563404,4074.325777300593,0.00510939159275
5.396674943939303,parity3,"[96, 112]","{""n50"": [80, 96], ""n90"": [96, 112]}",1.0,random_balanced,"[241, 241]","{""n50"": [240, null], ""n90"": [240, null]}",4371.677735424505,4696.016659606711,4133.917741259031,0.0045316238228
5.51667494393822,parity3,"[96, 112]","{""n50"": [80, 96], ""n90"": [96, 112]}",1.0,random_balanced,"[241, 241]","{""n50"": [240, null], ""n90"": [240, null]}",4435.349326131348,4766.981861656932,4193.23307004838,0.00401918977996
5.636674943938574,parity3,"[96, 112]","{""n50"": [80, 96], ""n90"": [96, 112]}",1.0,random_balanced,"[241, 241]","{""n50"": [240, null], ""n90"": [240, null]}",4498.586615109978,4837.567210650954,4251.765975272305,0.00356470155489
5.756674943938374,parity3,"[96, 112]","{""n50"": [80, 96], ""n90"": [96, 112]}",1.0,random_balanced,"[241, 241]","{""n50"": [240, null], ""n90"": [240, null]}",4561.409001513379,4907.6534856198305,4310.147456083825,0.00316160665983
5.876674943939907,parity3,"[96, 112]","{""n50"": [80, 96], ""n90"": [96, 112]}",1.0,random_balanced,"[241, 241]","{""n50"": [240, null], ""n90"": [240, null]}",4623.656223545186,4977.141583891427,4367.903636675071,0.00280409355946
5.996674943940723,parity3,"[96, 112]","{""n50"": [80, 96], ""n90"": [96, 112]}",1.0,random_balanced,"[241, 241]","{""n50"": [240, null], ""n90"": [240, null]}",4685.672640890474,5046.555914625229,4425.261068534748,0.00248700788435
6.116674943939235,parity3,"[96, 112]","{""n50"": [80, 96], ""n90"": [96, 112]}",1.0,random_balanced,"[241, 241]","{""n50"": [240, null], ""n90"": [240, null]}",4747.061344242418,5115.657198170547,4482.152046714707,0.00220577811891
6.23667494393658,parity3,"[96, 112]","{""n50"": [80, 96], ""n90"": [96, 112]}",1.0,random_balanced,"[241, 241]","{""n50"": [240, null], ""n90"": [240, null]}",4808.201143808255,5184.3573574583,4538.400695836382,0.00195634969253
6.356674943936687,parity3,"[96, 112]","{""n50"": [80, 96], ""n90"": [96, 112]}",1.0,random_balanced,"[241, 241]","{""n50"": [240, null], ""n90"": [240, null]}",4868.9729328130825,5252.768965398205,4594.133835463955,0.00173512652367
6.476674943938584,parity3,"[96, 112]","{""n50"": [80, 96], ""n90"": [96, 112]}",1.0,random_balanced,"[241, 241]","{""n50"": [240, null], ""n90"": [240, null]}",4929.192152804097,5320.913535368895,4649.62096124725,0.00153891917413
6.5966749439398935,parity3,"[96, 112]","{""n50"": [80, 96], ""n90"": [96, 112]}",1.0,random_balanced,"[241, 241]","{""n50"": [240, null], ""n90"": [240, null]}",4989.002902226357,5388.680999622527,4704.905302458971,0.00136489886599
6.71667494393874,parity3,"[96, 112]","{""n50"": [80, 96], ""n90"": [96, 112]}",1.0,random_balanced,"[241, 241]","{""n50"": [240, null], ""n90"": [240, null]}",5048.727107729304,5456.246798611421,4759.716703062653,0.0012105566983
6.836674943936054,parity3,"[96, 112]","{""n50"": [80, 96], ""n90"": [96, 112]}",1.0,random_balanced,"[241, 241]","{""n50"": [240, null], ""n90"": [240, null]}",5107.961953727839,5523.489220219625,4814.212110236726,0.00107366747553
6.956674943942435,parity3,"[96, 112]","{""n50"": [80, 96], ""n90"": [96, 112]}",1.0,random_balanced,"[241, 241]","{""n50"": [240, null], ""n90"": [240, null]}",5166.8836532989935,5590.6671437436235,4868.487833689362,0.00095225762628
7.0766749439394765,parity3,"[96, 112]","{""n50"": [80, 96], ""n90"": [96, 112]}",1.0,random_balanced,"[241, 241]","{""n50"": [240, null], ""n90"": [240, null]}",5225.529038147153,5657.588145955784,4922.55854863708,0.00084457674977
7.196674943935692,parity3,"[96, 112]","{""n50"": [80, 96], ""n90"": [96, 112]}",1.0,random_balanced,"[241, 241]","{""n50"": [240, null], ""n90"": [240, null]}",5284.094895019023,5724.202349589397,4975.716074460063,0.00074907237975
7.316674943936642,parity3,"[96, 112]","{""n50"": [80, 96], ""n90"": [96, 112]}",1.0,random_balanced,"[241, 241]","{""n50"": [240, null], ""n90"": [240, null]}",5342.086435741989,5790.155552674483,5028.60870295683,0.00066436760218
7.4366749439471915,parity3,"[96, 112]","{""n50"": [80, 96], ""n90"": [96, 112]}",1.0,random_balanced,"[241, 241]","{""n50"": [240, null], ""n90"": [240, null]}",5399.612517383573,5856.077930574278,5081.596460261398,0.00058924120386
7.556674943945765,parity3,"[96, 112]","{""n50"": [80, 96], ""n90"": [96, 112]}",1.0,random_balanced,"[241, 241]","{""n50"": [240, null], ""n90"": [240, null]}",5456.963203363951,5922.051637231388,5134.071034622988,0.00052261006586
7.676674943935698,parity3,"[96, 112]","{""n50"": [80, 96], ""n90"": [96, 112]}",1.0,random_balanced,"[241, 241]","{""n50"": [240, null], ""n90"": [240, null]}",5513.724497402138,5987.51701444523,5186.254178788653,0.00046351354785
0.35667494393873245,parity4,"[160, 160]","{""n50"": [128, 160], ""n90"": [128, 160]}",1.0,random_balanced,"[241, 241]","{""n50"": [240, null], ""n90"": [240, null]}",0.04226501571366864,0.047362612178246555,0.03333409528366327,0.7
0.47667494393873283,parity4,"[160, 160]","{""n50"": [128, 160], ""n90"": [128, 160]}",1.0,random_balanced,"[241, 241]","{""n50"": [240, null], ""n90"": [240, null]}",79.52365362416587,80.72143336051104,78.94132697763033,0.62084430570201
0.5966749439387276,parity4,"[160, 160]","{""n50"": [128, 160], ""n90"": [128, 160]}",1.0,random_balanced,"[241, 241]","{""n50"": [240, null], ""n90"": [240, null]}",217.36820491878382,222.04541931942356,212.59990669682574,0.55063950274659
0.7166749439387359,parity4,"[160, 160]","{""n50"": [128, 160], ""n90"": [128, 160]}",1.0,random_balanced,"[241, 241]","{""n50"": [240, null], ""n90"": [240, null]}",352.50356099240526,363.0673243162764,340.164075182966,0.48837342824972
0.8366749439387292,parity4,"[160, 160]","{""n50"": [128, 160], ""n90"": [128, 160]}",1.0,random_balanced,"[241, 241]","{""n50"": [240, null], ""n90"": [240, null]}",485.29745363170184,509.46883455780056,473.18750785241355,0.4331483742643
0.9566749439387285,parity4,"[160, 160]","{""n50"": [128, 160], ""n90"": [128, 160]}",1.0,random_balanced,"[241, 241]","{""n50"": [240, null], ""n90"": [240, null]}",612.8341331424492,653.8864124009583,607.0630671796578,0.38416814526582
1.0766749439387329,parity4,"[160, 160]","{""n50"": [128, 160], ""n90"": [128, 160]}",1.0,random_balanced,"[241, 241]","{""n50"": [240, null], ""n90"": [240, null]}",740.2575595863841,796.6988474079378,723.546264478964,0.34072657917198
1.1966749439387185,parity4,"[160, 160]","{""n50"": [128, 160], ""n90"": [128, 160]}",1.0,random_balanced,"[241, 241]","{""n50"": [240, null], ""n90"": [240, null]}",869.4108524624278,937.6078396085519,837.8172490093642,0.30219736640036
1.3166749439387264,parity4,"[160, 160]","{""n50"": [128, 160], ""n90"": [128, 160]}",1.0,random_balanced,"[241, 241]","{""n50"": [240, null], ""n90"": [240, null]}",987.4085479178575,1065.7134481576484,938.7988707221215,0.26802502018258
1.4366749439387214,parity4,"[160, 160]","{""n50"": [128, 160], ""n90"": [128, 160]}",1.0,random_balanced,"[241, 241]","{""n50"": [240, null], ""n90"": [240, null]}",1097.7126809737429,1188.7098211992377,1032.6097457851029,0.23771686795146
1.5566749439387393,parity4,"[160, 160]","{""n50"": [128, 160], ""n90"": [128, 160]}",1.0,random_balanced,"[241, 241]","{""n50"": [240, null], ""n90"": [240, null]}",1198.210090937179,1298.1168512963513,1118.6376150877609,0.21083594833854
1.676674943938707,parity4,"[160, 160]","{""n50"": [128, 160], ""n90"": [128, 160]}",1.0,random_balanced,"[241, 241]","{""n50"": [240, null], ""n90"": [240, null]}",1279.3923340034478,1393.1813304000766,1197.861019305874,0.1869947113761
1.7966749439387035,parity4,"[160, 160]","{""n50"": [128, 160], ""n90"": [128, 160]}",1.0,random_balanced,"[241, 241]","{""n50"": [240, null], ""n90"": [240, null]}",1355.1832235776303,1484.28090828816,1272.2439861582327,0.16584943107749
1.9166749439387005,parity4,"[160, 160]","{""n50"": [128, 160], ""n90"": [128, 160]}",1.0,random_balanced,"[241, 241]","{""n50"": [240, null], ""n90"": [240, null]}",1421.9538228664094,1565.6490462988127,1334.0679541559593,0.14709524984054
2.036674943938709,parity4,"[160, 160]","{""n50"": [128, 160], ""n90"": [128, 160]}",1.0,random_balanced,"[241, 241]","{""n50"": [240, null], ""n90"": [240, null]}",1481.005420640814,1644.231388912626,1390.9662914649823,0.13046178322759
2.156674943938737,parity4,"[160, 160]","{""n50"": [128, 160], ""n90"": [128, 160]}",1.0,random_balanced,"[241, 241]","{""n50"": [240, null], ""n90"": [240, null]}",1533.6034589956353,1722.9809241919095,1447.6090419838386,0.11570922175511
2.2766749439386844,parity4,"[160, 160]","{""n50"": [128, 160], ""n90"": [128, 160]}",1.0,random_balanced,"[241, 241]","{""n50"": [240, null], ""n90"": [240, null]}",1585.8850377580652,1800.3533778518927,1490.271273761015,0.10262487349125
2.396674943938712,parity4,"[160, 160]","{""n50"": [128, 160], ""n90"": [128, 160]}",1.0,random_balanced,"[241, 241]","{""n50"": [240, null], ""n90"": [240, null]}",1638.0436985257843,1873.8296532024335,1537.9264173870893,0.0910200976149
2.516674943938779,parity4,"[160, 160]","{""n50"": [128, 160], ""n90"": [128, 160]}",1.0,random_balanced,"[241, 241]","{""n50"": [240, null], ""n90"": [240, null]}",1687.8695952021012,1941.1674977803814,1591.700328284272,0.08072758472664
2.6366749439386794,parity4,"[160, 160]","{""n50"": [128, 160], ""n90"": [128, 160]}",1.0,random_balanced,"[241, 241]","{""n50"": [240, null], ""n90"": [240, null]}",1736.7056999672386,2004.0850736768655,1647.1180776672463,0.07159894470088
2.756674943938713,parity4,"[160, 160]","{""n50"": [128, 160], ""n90"": [128, 160]}",1.0,random_balanced,"[241, 241]","{""n50"": [240, null], ""n90"": [240, null]}",1788.0969153232222,2064.206562073584,1701.897851818083,0.06350256730259
2.8766749439387804,parity4,"[160, 160]","{""n50"": [128, 160], ""n90"": [128, 160]}",1.0,random_balanced,"[241, 241]","{""n50"": [240, null], ""n90"": [240, null]}",1839.7157503804249,2123.027711185141,1755.9730060272507,0.05632172472467
2.996674943938737,parity4,"[160, 160]","{""n50"": [128, 160], ""n90"": [128, 160]}",1.0,random_balanced,"[241, 241]","{""n50"": [240, null], ""n90"": [240, null]}",1889.676204709082,2181.000064201606,1809.2054382454826,0.04995288868947
3.1166749439386985,parity4,"[160, 160]","{""n50"": [128, 160], ""n90"": [128, 160]}",1.0,random_balanced,"[241, 241]","{""n50"": [240, null], ""n90"": [240, null]}",1938.0543505091805,2237.232843585212,1860.9902828127185,0.04430423785175
3.2366749439388243,parity4,"[160, 160]","{""n50"": [128, 160], ""n90"": [128, 160]}",1.0,random_balanced,"[241, 241]","{""n50"": [240, null], ""n90"": [240, null]}",1987.2947333347674,2291.8199864534085,1910.8954404283688,0.03929433398389
3.356674943938869,parity4,"[160, 160]","{""n50"": [128, 160], ""n90"": [128, 160]}",1.0,random_balanced,"[241, 241]","{""n50"": [240, null], ""n90"": [240, null]}",2035.687104179714,2344.409392438766,1957.443769100307,0.0348509478575
3.476674943938894,parity4,"[160, 160]","{""n50"": [128, 160], ""n90"": [128, 160]}",1.0,random_balanced,"[241, 241]","{""n50"": [240, null], ""n90"": [240, null]}",2082.859448022477,2394.98680121017,2000.0465056477215,0.03091001789378
3.596674943938767,parity4,"[160, 160]","{""n50"": [128, 160], ""n90"": [128, 160]}",1.0,random_balanced,"[241, 241]","{""n50"": [240, null], ""n90"": [240, null]}",2128.2862202799797,2444.2558699507267,2041.4444828482333,0.02741472656929
3.7166749439386084,parity4,"[160, 160]","{""n50"": [128, 160], ""n90"": [128, 160]}",1.0,random_balanced,"[241, 241]","{""n50"": [240, null], ""n90"": [240, null]}",2172.122657877295,2492.266849414543,2081.380227489635,0.02431468126132
3.8366749439385353,parity4,"[160, 160]","{""n50"": [128, 160], ""n90"": [128, 160]}",1.0,random_balanced,"[241, 241]","{""n50"": [240, null], ""n90"": [240, null]}",2215.539660804602,2539.1283496577944,2120.4878971917124,0.02156518772293
3.956674943938983,parity4,"[160, 160]","{""n50"": [128, 160], ""n90"": [128, 160]}",1.0,random_balanced,"[241, 241]","{""n50"": [240, null], ""n90"": [240, null]}",2258.421152549726,2585.041327729322,2158.462090203039,0.0191266057131
4.076674943938955,parity4,"[160, 160]","{""n50"": [128, 160], ""n90"": [128, 160]}",1.0,random_balanced,"[241, 241]","{""n50"": [240, null], ""n90"": [240, null]}",2300.0697630753,2629.488747606345,2196.0235985110285,0.01696377749198
4.196674943938928,parity4,"[160, 160]","{""n50"": [128, 160], ""n90"": [128, 160]}",1.0,random_balanced,"[241, 241]","{""n50"": [240, null], ""n90"": [240, null]}",2340.66355136839,2672.727380828414,2232.2867475643793,0.01504552094156
4.316674943938593,parity4,"[160, 160]","{""n50"": [128, 160], ""n90"": [128, 160]}",1.0,random_balanced,"[241, 241]","{""n50"": [240, null], ""n90"": [240, null]}",2380.499627667152,2715.1101656167148,2267.0910369516555,0.01334418000413
4.436674943939044,parity4,"[160, 160]","{""n50"": [128, 160], ""n90"": [128, 160]}",1.0,random_balanced,"[241, 241]","{""n50"": [240, null], ""n90"": [240, null]}",2419.276863545828,2756.679485699628,2301.5229702284373,0.01183522595689
4.556674943939151,parity4,"[160, 160]","{""n50"": [128, 160], ""n90"": [128, 160]}",1.0,random_balanced,"[241, 241]","{""n50"": [240, null], ""n90"": [240, null]}",2457.090888313658,2796.5768434910783,2335.4251079982237,0.01049690377433
4.676674943938801,parity4,"[160, 160]","{""n50"": [128, 160], ""n90"": [128, 160]}",1.0,random_balanced,"[241, 241]","{""n50"": [240, null], ""n90"": [240, null]}",2494.724112720971,2835.4588265775797,2369.210259257735,0.00930991847971
4.796674943938259,parity4,"[160, 160]","{""n50"": [128, 160], ""n90"": [128, 160]}",1.0,random_balanced,"[241, 241]","{""n50"": [240, null], ""n90"": [240, null]}",2531.28912012382,2873.3545034650106,2402.368710356029,0.00825715696383
4.916674943938563,parity4,"[160, 160]","{""n50"": [128, 160], ""n90"": [128, 160]}",1.0,random_balanced,"[241, 241]","{""n50"": [240, null], ""n90"": [240, null]}",2567.325390107082,2909.8435462002576,2434.5324846189187,0.0073234412604
5.036674943938012,parity4,"[160, 160]","{""n50"": [128, 160], ""n90"": [128, 160]}",1.0,random_balanced,"[241, 241]","{""n50"": [240, null], ""n90"": [240, null]}",2602.9288109651598,2945.042319587304,2466.475862382314,0.00649530972095
5.15667494393943,parity4,"[160, 160]","{""n50"": [128, 160], ""n90"": [128, 160]}",1.0,random_balanced,"[241, 241]","{""n50"": [240, null], ""n90"": [240, null]}",2637.5653481588615,2978.9997097670202,2497.4934869132703,0.00576082293431
5.276674943939125,parity4,"[160, 160]","{""n50"": [128, 160], ""n90"": [128, 160]}",1.0,random_balanced,"[241, 241]","{""n50"": [240, null], ""n90"": [240, null]}",2671.45996693211,3011.520415659549,2527.8516313782166,0.00510939159275
5.396674943939303,parity4,"[160, 160]","{""n50"": [128, 160], ""n90"": [128, 160]}",1.0,random_balanced,"[241, 241]","{""n50"": [240, null], ""n90"": [240, null]}",2704.914472708093,3043.765195177791,2556.174928548218,0.0045316238228
5.51667494393822,parity4,"[160, 160]","{""n50"": [128, 160], ""n90"": [128, 160]}",1.0,random_balanced,"[241, 241]","{""n50"": [240, null], ""n90"": [240, null]}",2737.7857542312026,3075.4075890932845,2581.2564927313642,0.00401918977996
5.636674943938574,parity4,"[160, 160]","{""n50"": [128, 160], ""n90"": [128, 160]}",1.0,random_balanced,"[241, 241]","{""n50"": [240, null], ""n90"": [240, null]}",2770.1726568206486,3112.6462831171757,2605.8684927443396,0.00356470155489
5.756674943938374,parity4,"[160, 160]","{""n50"": [128, 160], ""n90"": [128, 160]}",1.0,random_balanced,"[241, 241]","{""n50"": [240, null], ""n90"": [240, null]}",2801.986849387277,3151.475314095603,2629.6540265634208,0.00316160665983
5.876674943939907,parity4,"[160, 160]","{""n50"": [128, 160], ""n90"": [128, 160]}",1.0,random_balanced,"[241, 241]","{""n50"": [240, null], ""n90"": [240, null]}",2833.3045557446167,3189.407345089339,2652.5896501013913,0.00280409355946
5.996674943940723,parity4,"[160, 160]","{""n50"": [128, 160], ""n90"": [128, 160]}",1.0,random_balanced,"[241, 241]","{""n50"": [240, null], ""n90"": [240, null]}",2864.2104437510066,3226.8972845921558,2674.8192337139644,0.00248700788435
6.116674943939235,parity4,"[160, 160]","{""n50"": [128, 160], ""n90"": [128, 160]}",1.0,random_balanced,"[241, 241]","{""n50"": [240, null], ""n90"": [240, null]}",2894.516087698075,3263.7421148100593,2696.394758219345,0.00220577811891
6.23667494393658,parity4,"[160, 160]","{""n50"": [128, 160], ""n90"": [128, 160]}",1.0,random_balanced,"[241, 241]","{""n50"": [240, null], ""n90"": [240, null]}",2924.330310432705,3300.068898217533,2717.716251687685,0.00195634969253
6.356674943936687,parity4,"[160, 160]","{""n50"": [128, 160], ""n90"": [128, 160]}",1.0,random_balanced,"[241, 241]","{""n50"": [240, null], ""n90"": [240, null]}",2953.4436571103333,3335.9691604632276,2738.649935781445,0.00173512652367
6.476674943938584,parity4,"[160, 160]","{""n50"": [128, 160], ""n90"": [128, 160]}",1.0,random_balanced,"[241, 241]","{""n50"": [240, null], ""n90"": [240, null]}",2981.788452027945,3371.499900981144,2759.0894978695833,0.00153891917413
6.5966749439398935,parity4,"[160, 160]","{""n50"": [128, 160], ""n90"": [128, 160]}",1.0,random_balanced,"[241, 241]","{""n50"": [240, null], ""n90"": [240, null]}",3009.503609145149,3406.81057156677,2778.8779376455996,0.00136489886599
6.71667494393874,parity4,"[160, 160]","{""n50"": [128, 160], ""n90"": [128, 160]}",1.0,random_balanced,"[241, 241]","{""n50"": [240, null], ""n90"": [240, null]}",3033.6815272529984,3441.55531747893,2798.26801191477,0.0012105566983
6.836674943936054,parity4,"[160, 160]","{""n50"": [128, 160], ""n90"": [128, 160]}",1.0,random_balanced,"[241, 241]","{""n50"": [240, null], ""n90"": [240, null]}",3056.989316246385,3475.8238306339194,2816.825757955861,0.00107366747553
6.956674943942435,parity4,"[160, 160]","{""n50"": [128, 160], ""n90"": [128, 160]}",1.0,random_balanced,"[241, 241]","{""n50"": [240, null], ""n90"": [240, null]}",3079.625395602603,3510.198869077792,2835.2548266111744,0.00095225762628
7.0766749439394765,parity4,"[160, 160]","{""n50"": [128, 160], ""n90"": [128, 160]}",1.0,random_balanced,"[241, 241]","{""n50"": [240, null], ""n90"": [240, null]}",3101.617363416091,3544.298744376533,2853.482365289815,0.00084457674977
7.196674943935692,parity4,"[160, 160]","{""n50"": [128, 160], ""n90"": [128, 160]}",1.0,random_balanced,"[241, 241]","{""n50"": [240, null], ""n90"": [240, null]}",3123.213510987219,3577.7793392637864,2871.742818735889,0.00074907237975
7.316674943936642,parity4,"[160, 160]","{""n50"": [128, 160], ""n90"": [128, 160]}",1.0,random_balanced,"[241, 241]","{""n50"": [240, null], ""n90"": [240, null]}",3144.2087664979454,3610.329706987412,2889.8926093854047,0.00066436760218
7.4366749439471915,parity4,"[160, 160]","{""n50"": [128, 160], ""n90"": [128, 160]}",1.0,random_balanced,"[241, 241]","{""n50"": [240, null], ""n90"": [240, null]}",3164.3395952345436,3642.70160983996,2907.4205489260585,0.00058924120386
7.556674943945765,parity4,"[160, 160]","{""n50"": [128, 160], ""n90"": [128, 160]}",1.0,random_balanced,"[241, 241]","{""n50"": [240, null], ""n90"": [240, null]}",3184.228747928223,3674.922715487988,2924.4617130069223,0.00052261006586
7.676674943935698,parity4,"[160, 160]","{""n50"": [128, 160], ""n90"": [128, 160]}",1.0,random_balanced,"[241, 241]","{""n50"": [240, null], ""n90"": [240, null]}",3203.3590342402304,3705.9590437672177,2940.7547407679895,0.00046351354785
